jm_cd,acquyy,acqumm,rgn_cd,age_grup_cd,gender_cd,acqu_cnt
0670,2013,05,001,3,F,1
0670,2013,05,001,3,M,1
0670,2013,05,002,3,M,1
0670,2013,08,001,4,F,1
0670,2013,08,001,5,M,1
0670,2013,08,002,4,M,2
0670,2013,08,002,6,M,1
0670,2013,08,003,4,M,1
0670,2013,08,006,3,F,1
0670,2013,08,011,3,F,1
0670,2014,05,001,4,F,1
0670,2014,05,002,3,F,1
0670,2014,05,002,3,M,1
0670,2014,05,002,4,M,2
0670,2014,05,006,3,F,1
0670,2014,08,001,4,F,1
0670,2014,08,002,3,F,1
0670,2014,08,002,3,M,1
0670,2014,08,002,4,M,3
0670,2015,05,001,3,F,2
0670,2015,05,001,3,M,1
0670,2015,05,001,4,F,1
0670,2015,05,001,4,M,1
0670,2015,05,002,3,M,1
0670,2015,05,002,4,F,1
0670,2015,05,007,3,F,1
0670,2015,05,014,3,F,1
0670,2015,08,001,3,F,1
0670,2015,08,001,4,M,1
0670,2015,08,002,3,F,1
0670,2015,08,002,3,M,2
0670,2015,08,009,4,M,1
0670,2016,05,001,4,F,1
0670,2016,05,001,4,M,1
0670,2016,05,001,5,F,1
0670,2016,05,002,3,F,1
0670,2016,05,002,4,F,1
0670,2016,09,001,3,F,1
0670,2016,09,001,4,M,1
0670,2016,09,003,3,F,1
0670,2017,04,001,4,M,2
0670,2017,04,002,3,F,1
0670,2017,04,008,4,M,1
0670,2017,08,001,3,M,1
0670,2017,08,001,4,F,2
0670,2017,08,002,2,F,1
0670,2017,08,002,3,F,1
0670,2017,08,002,4,M,2
0670,2017,08,005,5,M,1
0670,2018,05,001,4,F,1
0670,2018,05,001,4,M,1
0670,2018,05,002,4,F,1
0670,2018,05,002,4,M,1
0670,2018,05,014,5,F,1
0670,2018,09,001,4,F,2
0670,2018,09,001,4,M,1
0670,2018,09,002,4,F,1
0670,2018,09,002,4,M,2
0670,2018,09,017,3,M,1
0670,2019,05,001,4,F,2
0670,2019,05,001,4,M,1
0670,2019,05,001,5,M,1
0670,2019,05,002,3,M,1
0670,2019,05,002,4,M,2
0670,2019,05,013,4,F,1
0670,2019,05,017,4,M,1
0670,2019,08,001,3,F,1
0670,2019,08,001,3,M,1
0670,2019,08,001,4,M,3
0670,2019,08,001,5,M,1
0670,2019,08,002,3,M,3
0670,2019,08,002,4,F,1
0670,2019,08,002,4,M,1
0670,2019,08,002,5,M,1
0670,2019,08,003,4,M,1
0670,2019,08,007,4,F,1
0670,2020,06,001,4,F,1
0670,2020,06,001,4,M,1
0670,2020,06,001,5,M,3
0670,2020,06,002,2,F,1
0670,2020,06,002,3,M,1
0670,2020,06,002,4,M,1
0670,2020,06,002,5,F,1
0670,2020,06,002,6,F,1
0670,2020,06,003,4,M,1
0670,2020,06,004,3,F,1
0670,2020,06,007,4,F,1
0670,2020,06,007,5,M,1
0670,2020,08,001,3,F,1
0670,2020,08,001,4,M,3
0670,2020,08,002,4,M,1
0670,2020,08,002,5,F,1
0670,2020,08,007,3,F,1
0670,2021,05,001,3,F,1
0670,2021,05,001,3,M,1
0670,2021,05,001,4,F,1
0670,2021,05,002,4,F,1
0670,2021,05,002,4,M,2
0670,2021,05,002,5,M,1
0670,2021,05,013,4,F,1
0670,2021,05,013,4,M,1
0670,2021,05,015,4,F,1
0670,2021,09,001,4,M,1
0670,2021,09,001,5,M,1
0670,2021,09,001,6,M,1
0670,2021,09,002,3,F,1
0670,2021,09,013,4,F,1
0670,2022,05,001,3,F,2
0670,2022,05,001,4,M,2
0670,2022,05,001,5,M,1
0670,2022,05,002,3,M,1
0670,2022,05,002,4,F,2
0670,2022,05,002,4,M,3
0670,2022,05,002,5,M,2
0670,2022,05,002,6,M,1
0670,2022,05,013,3,F,1
0670,2022,05,013,4,F,1
0670,2022,05,013,4,M,1
0670,2022,08,002,4,F,1
0670,2023,05,001,4,F,2
0670,2023,05,002,4,M,4
0670,2023,05,002,5,M,1
0670,2023,09,001,3,M,1
0670,2023,09,001,4,F,3
0670,2023,09,001,4,M,3
0670,2023,09,002,3,F,1
0670,2023,09,002,3,M,1
0670,2023,09,002,4,F,1
0670,2023,09,002,4,M,2
0670,2023,09,002,5,F,2
0670,2023,09,002,5,M,1
0670,2023,09,003,4,M,1
0670,2023,09,013,3,M,1
0670,2023,09,014,5,M,1
0670,2024,04,001,4,M,1
0670,2024,04,001,5,F,1
0670,2024,04,002,4,F,3
0670,2024,04,002,5,M,1
0670,2024,04,004,3,M,1
0670,2024,04,013,4,F,1
0670,2024,04,013,5,M,1
1370,2013,05,001,2,F,16
1370,2013,05,001,2,M,10
1370,2013,05,001,3,F,2
1370,2013,05,001,3,M,1
1370,2013,05,001,4,M,4
1370,2013,05,001,5,M,1
1370,2013,05,002,2,F,18
1370,2013,05,002,2,M,23
1370,2013,05,002,3,F,5
1370,2013,05,002,3,M,5
1370,2013,05,002,4,F,2
1370,2013,05,002,4,M,3
1370,2013,05,002,5,F,2
1370,2013,05,003,2,F,1
1370,2013,05,003,2,M,4
1370,2013,05,003,3,F,1
1370,2013,05,003,3,M,1
1370,2013,05,004,2,F,1
1370,2013,05,004,2,M,3
1370,2013,05,004,3,M,4
1370,2013,05,005,2,F,2
1370,2013,05,005,2,M,6
1370,2013,05,005,3,F,1
1370,2013,05,005,4,M,1
1370,2013,05,005,5,M,1
1370,2013,05,006,2,F,1
1370,2013,05,006,2,M,2
1370,2013,05,006,3,M,1
1370,2013,05,006,4,F,1
1370,2013,05,007,2,F,6
1370,2013,05,007,2,M,1
1370,2013,05,007,3,M,2
1370,2013,05,007,4,M,1
1370,2013,05,008,2,F,3
1370,2013,05,008,2,M,7
1370,2013,05,008,3,F,2
1370,2013,05,009,2,F,4
1370,2013,05,009,2,M,8
1370,2013,05,009,4,M,4
1370,2013,05,009,5,M,1
1370,2013,05,010,2,F,3
1370,2013,05,010,2,M,5
1370,2013,05,010,3,F,1
1370,2013,05,010,3,M,1
1370,2013,05,010,4,F,2
1370,2013,05,010,4,M,3
1370,2013,05,011,2,F,3
1370,2013,05,011,2,M,7
1370,2013,05,011,3,F,2
1370,2013,05,011,3,M,1
1370,2013,05,011,4,F,1
1370,2013,05,011,5,M,1
1370,2013,05,011,6,M,1
1370,2013,05,012,2,F,2
1370,2013,05,012,2,M,1
1370,2013,05,013,2,F,6
1370,2013,05,013,2,M,7
1370,2013,05,014,2,F,4
1370,2013,05,014,2,M,9
1370,2013,05,014,4,F,1
1370,2013,05,014,4,M,2
1370,2013,05,014,5,M,1
1370,2013,05,015,2,F,5
1370,2013,05,015,2,M,9
1370,2013,05,015,3,F,1
1370,2013,05,015,4,M,1
1370,2013,05,016,2,M,1
1370,2013,05,016,3,M,1
1370,2013,05,017,2,F,1
1370,2013,05,017,2,M,2
1370,2013,05,017,3,F,1
1370,2013,08,001,2,F,29
1370,2013,08,001,2,M,25
1370,2013,08,001,3,M,4
1370,2013,08,001,4,M,5
1370,2013,08,001,5,F,1
1370,2013,08,001,5,M,5
1370,2013,08,002,2,F,27
1370,2013,08,002,2,M,23
1370,2013,08,002,3,F,7
1370,2013,08,002,3,M,10
1370,2013,08,002,4,F,2
1370,2013,08,002,4,M,3
1370,2013,08,002,5,M,6
1370,2013,08,002,6,M,2
1370,2013,08,003,2,F,4
1370,2013,08,003,2,M,4
1370,2013,08,003,3,F,1
1370,2013,08,003,3,M,1
1370,2013,08,003,4,M,1
1370,2013,08,004,2,F,6
1370,2013,08,004,2,M,3
1370,2013,08,005,2,F,3
1370,2013,08,005,2,M,4
1370,2013,08,006,2,F,3
1370,2013,08,006,2,M,3
1370,2013,08,006,3,M,1
1370,2013,08,007,2,F,3
1370,2013,08,007,2,M,6
1370,2013,08,007,3,F,2
1370,2013,08,007,4,F,2
1370,2013,08,007,5,M,1
1370,2013,08,008,2,F,5
1370,2013,08,008,2,M,9
1370,2013,08,008,3,F,1
1370,2013,08,008,4,M,1
1370,2013,08,008,5,M,1
1370,2013,08,009,2,F,6
1370,2013,08,009,2,M,7
1370,2013,08,009,3,F,1
1370,2013,08,009,3,M,3
1370,2013,08,009,4,F,2
1370,2013,08,009,5,F,1
1370,2013,08,009,5,M,2
1370,2013,08,010,2,F,8
1370,2013,08,010,2,M,8
1370,2013,08,010,3,F,3
1370,2013,08,010,3,M,1
1370,2013,08,010,4,F,1
1370,2013,08,010,4,M,3
1370,2013,08,011,2,F,10
1370,2013,08,011,2,M,8
1370,2013,08,011,3,M,2
1370,2013,08,011,4,F,1
1370,2013,08,011,4,M,2
1370,2013,08,011,5,M,1
1370,2013,08,012,2,F,2
1370,2013,08,012,3,F,1
1370,2013,08,013,2,F,11
1370,2013,08,013,2,M,7
1370,2013,08,014,2,F,5
1370,2013,08,014,2,M,4
1370,2013,08,014,3,F,3
1370,2013,08,014,3,M,1
1370,2013,08,014,4,F,2
1370,2013,08,014,4,M,1
1370,2013,08,014,5,F,1
1370,2013,08,015,2,F,10
1370,2013,08,015,2,M,7
1370,2013,08,015,3,F,1
1370,2013,08,015,3,M,1
1370,2013,08,015,4,M,1
1370,2013,08,015,5,M,1
1370,2013,08,016,2,M,1
1370,2013,08,016,3,F,1
1370,2013,08,016,3,M,1
1370,2013,08,016,4,M,2
1370,2013,08,017,2,F,3
1370,2013,08,017,2,M,2
1370,2013,12,001,2,F,20
1370,2013,12,001,2,M,12
1370,2013,12,001,3,F,3
1370,2013,12,001,3,M,1
1370,2013,12,001,4,M,1
1370,2013,12,002,2,F,10
1370,2013,12,002,2,M,10
1370,2013,12,002,3,F,2
1370,2013,12,002,3,M,2
1370,2013,12,002,6,M,1
1370,2013,12,003,2,M,1
1370,2013,12,003,3,M,1
1370,2013,12,003,4,M,1
1370,2013,12,004,2,F,2
1370,2013,12,004,2,M,1
1370,2013,12,005,2,F,1
1370,2013,12,006,2,F,2
1370,2013,12,006,2,M,1
1370,2013,12,007,2,F,1
1370,2013,12,008,2,F,2
1370,2013,12,008,2,M,1
1370,2013,12,008,3,M,1
1370,2013,12,008,4,F,1
1370,2013,12,008,5,M,1
1370,2013,12,009,2,F,1
1370,2013,12,009,4,F,1
1370,2013,12,010,2,F,2
1370,2013,12,010,2,M,2
1370,2013,12,010,4,M,1
1370,2013,12,011,2,F,2
1370,2013,12,011,2,M,3
1370,2013,12,012,2,F,1
1370,2013,12,013,2,F,5
1370,2013,12,013,2,M,3
1370,2013,12,014,2,F,2
1370,2013,12,014,2,M,3
1370,2013,12,014,3,M,1
1370,2013,12,014,4,F,2
1370,2013,12,014,5,M,1
1370,2013,12,015,2,F,2
1370,2013,12,015,2,M,6
1370,2013,12,016,2,M,1
1370,2013,12,017,2,F,1
1370,2014,05,001,2,F,16
1370,2014,05,001,2,M,20
1370,2014,05,001,3,F,2
1370,2014,05,001,3,M,2
1370,2014,05,001,4,M,5
1370,2014,05,001,5,M,3
1370,2014,05,001,6,M,2
1370,2014,05,002,2,F,16
1370,2014,05,002,2,M,20
1370,2014,05,002,3,F,2
1370,2014,05,002,3,M,4
1370,2014,05,002,4,F,2
1370,2014,05,002,4,M,3
1370,2014,05,002,5,M,5
1370,2014,05,002,6,M,2
1370,2014,05,003,2,F,3
1370,2014,05,003,2,M,6
1370,2014,05,003,3,F,1
1370,2014,05,003,3,M,1
1370,2014,05,003,4,M,1
1370,2014,05,003,5,M,1
1370,2014,05,004,2,F,6
1370,2014,05,004,2,M,11
1370,2014,05,004,4,M,2
1370,2014,05,005,2,F,3
1370,2014,05,005,2,M,3
1370,2014,05,005,5,F,2
1370,2014,05,005,5,M,2
1370,2014,05,005,6,M,1
1370,2014,05,006,2,F,1
1370,2014,05,006,2,M,5
1370,2014,05,006,4,M,1
1370,2014,05,006,5,M,1
1370,2014,05,007,2,M,1
1370,2014,05,007,3,F,2
1370,2014,05,007,4,F,1
1370,2014,05,008,2,M,7
1370,2014,05,008,3,F,2
1370,2014,05,008,4,F,1
1370,2014,05,008,4,M,1
1370,2014,05,008,5,M,1
1370,2014,05,008,6,M,1
1370,2014,05,009,2,F,5
1370,2014,05,009,2,M,3
1370,2014,05,009,4,M,1
1370,2014,05,009,6,M,1
1370,2014,05,010,2,F,5
1370,2014,05,010,2,M,9
1370,2014,05,010,3,M,2
1370,2014,05,010,4,F,1
1370,2014,05,010,4,M,1
1370,2014,05,010,5,M,1
1370,2014,05,011,2,F,4
1370,2014,05,011,2,M,8
1370,2014,05,011,3,M,2
1370,2014,05,011,4,M,1
1370,2014,05,011,5,M,1
1370,2014,05,012,2,F,5
1370,2014,05,012,2,M,1
1370,2014,05,013,2,F,9
1370,2014,05,013,2,M,7
1370,2014,05,013,3,F,1
1370,2014,05,013,4,F,1
1370,2014,05,013,4,M,2
1370,2014,05,014,2,F,7
1370,2014,05,014,2,M,5
1370,2014,05,014,4,F,2
1370,2014,05,014,5,M,1
1370,2014,05,015,2,F,8
1370,2014,05,015,2,M,6
1370,2014,05,015,3,F,1
1370,2014,05,015,5,M,1
1370,2014,05,015,6,M,1
1370,2014,05,016,2,F,2
1370,2014,05,016,2,M,2
1370,2014,05,016,3,F,1
1370,2014,05,016,5,M,1
1370,2014,05,017,2,M,1
1370,2014,05,017,4,M,2
1370,2014,08,001,2,F,9
1370,2014,08,001,2,M,4
1370,2014,08,001,3,M,1
1370,2014,08,001,4,M,2
1370,2014,08,001,5,M,2
1370,2014,08,002,2,F,13
1370,2014,08,002,2,M,3
1370,2014,08,002,3,M,4
1370,2014,08,002,4,F,1
1370,2014,08,002,4,M,2
1370,2014,08,002,5,M,1
1370,2014,08,002,6,F,1
1370,2014,08,003,4,M,1
1370,2014,08,004,4,M,2
1370,2014,08,004,5,M,1
1370,2014,08,005,4,M,1
1370,2014,08,006,2,F,1
1370,2014,08,008,2,M,2
1370,2014,08,009,2,M,4
1370,2014,08,009,3,M,1
1370,2014,08,009,4,F,1
1370,2014,08,009,4,M,1
1370,2014,08,010,2,F,4
1370,2014,08,010,2,M,4
1370,2014,08,010,4,F,1
1370,2014,08,011,2,M,2
1370,2014,08,011,4,F,1
1370,2014,08,012,2,M,2
1370,2014,08,013,3,M,1
1370,2014,08,013,4,M,1
1370,2014,08,014,2,F,3
1370,2014,08,014,2,M,3
1370,2014,08,014,4,M,1
1370,2014,08,015,2,F,2
1370,2014,08,015,2,M,1
1370,2014,08,015,3,M,1
1370,2014,08,017,2,F,1
1370,2014,08,017,2,M,1
1370,2014,12,001,2,F,8
1370,2014,12,001,2,M,11
1370,2014,12,001,3,F,1
1370,2014,12,001,4,F,1
1370,2014,12,001,4,M,4
1370,2014,12,002,2,F,16
1370,2014,12,002,2,M,14
1370,2014,12,002,3,M,2
1370,2014,12,002,4,F,1
1370,2014,12,002,4,M,5
1370,2014,12,002,5,M,1
1370,2014,12,003,2,F,4
1370,2014,12,003,2,M,3
1370,2014,12,003,3,M,1
1370,2014,12,004,2,F,1
1370,2014,12,004,2,M,4
1370,2014,12,004,3,F,1
1370,2014,12,004,3,M,1
1370,2014,12,004,4,F,1
1370,2014,12,004,5,M,1
1370,2014,12,005,2,F,2
1370,2014,12,005,6,M,1
1370,2014,12,006,2,F,1
1370,2014,12,006,2,M,1
1370,2014,12,006,5,M,1
1370,2014,12,007,2,F,1
1370,2014,12,007,2,M,1
1370,2014,12,007,3,M,1
1370,2014,12,007,4,M,1
1370,2014,12,008,2,F,3
1370,2014,12,008,2,M,5
1370,2014,12,008,3,M,1
1370,2014,12,008,4,M,3
1370,2014,12,008,6,M,1
1370,2014,12,009,2,F,5
1370,2014,12,009,2,M,3
1370,2014,12,009,3,F,1
1370,2014,12,009,4,F,1
1370,2014,12,009,4,M,1
1370,2014,12,009,5,M,1
1370,2014,12,010,2,F,4
1370,2014,12,010,2,M,4
1370,2014,12,010,3,M,1
1370,2014,12,010,4,M,1
1370,2014,12,010,5,M,2
1370,2014,12,010,6,M,1
1370,2014,12,011,2,F,1
1370,2014,12,011,2,M,7
1370,2014,12,011,3,F,1
1370,2014,12,011,3,M,1
1370,2014,12,011,4,F,2
1370,2014,12,011,4,M,3
1370,2014,12,011,5,M,1
1370,2014,12,012,2,F,1
1370,2014,12,012,2,M,1
1370,2014,12,013,2,F,3
1370,2014,12,013,2,M,2
1370,2014,12,013,3,F,1
1370,2014,12,013,4,M,1
1370,2014,12,014,2,F,5
1370,2014,12,014,2,M,1
1370,2014,12,014,4,F,2
1370,2014,12,014,5,M,1
1370,2014,12,015,2,F,1
1370,2014,12,015,2,M,4
1370,2014,12,015,3,M,2
1370,2014,12,015,5,M,1
1370,2014,12,017,2,M,1
1370,2014,12,017,3,F,1
1370,2015,05,001,2,F,14
1370,2015,05,001,2,M,5
1370,2015,05,001,3,F,1
1370,2015,05,001,4,M,2
1370,2015,05,002,2,F,11
1370,2015,05,002,2,M,8
1370,2015,05,002,3,F,1
1370,2015,05,002,3,M,2
1370,2015,05,002,4,F,1
1370,2015,05,002,4,M,3
1370,2015,05,003,2,F,1
1370,2015,05,006,2,F,2
1370,2015,05,007,2,M,1
1370,2015,05,008,2,F,1
1370,2015,05,009,2,F,3
1370,2015,05,009,2,M,1
1370,2015,05,009,3,F,1
1370,2015,05,010,2,F,2
1370,2015,05,010,2,M,2
1370,2015,05,011,2,F,3
1370,2015,05,011,2,M,2
1370,2015,05,012,2,M,1
1370,2015,05,013,2,F,1
1370,2015,05,013,3,M,1
1370,2015,05,014,2,F,2
1370,2015,05,014,2,M,2
1370,2015,05,014,3,F,1
1370,2015,05,014,4,F,1
1370,2015,05,015,2,F,3
1370,2015,05,017,2,F,1
1370,2015,05,017,4,M,1
1370,2015,08,001,2,F,26
1370,2015,08,001,2,M,24
1370,2015,08,001,3,F,3
1370,2015,08,001,3,M,5
1370,2015,08,001,4,F,3
1370,2015,08,001,5,M,3
1370,2015,08,002,2,F,32
1370,2015,08,002,2,M,25
1370,2015,08,002,3,F,2
1370,2015,08,002,3,M,4
1370,2015,08,002,4,F,2
1370,2015,08,002,4,M,2
1370,2015,08,003,2,F,4
1370,2015,08,003,2,M,2
1370,2015,08,003,3,M,1
1370,2015,08,004,2,F,3
1370,2015,08,004,2,M,8
1370,2015,08,004,3,M,2
1370,2015,08,004,4,M,1
1370,2015,08,004,5,M,1
1370,2015,08,005,2,F,7
1370,2015,08,005,2,M,4
1370,2015,08,005,3,F,1
1370,2015,08,005,4,M,1
1370,2015,08,005,6,M,1
1370,2015,08,006,2,F,1
1370,2015,08,006,2,M,3
1370,2015,08,006,4,F,1
1370,2015,08,007,2,F,3
1370,2015,08,007,2,M,5
1370,2015,08,007,3,F,1
1370,2015,08,007,4,M,1
1370,2015,08,007,5,M,1
1370,2015,08,008,2,F,2
1370,2015,08,008,2,M,2
1370,2015,08,008,3,M,1
1370,2015,08,008,5,M,1
1370,2015,08,009,2,F,14
1370,2015,08,009,2,M,6
1370,2015,08,009,3,F,2
1370,2015,08,009,4,F,2
1370,2015,08,009,6,M,1
1370,2015,08,010,2,F,8
1370,2015,08,010,2,M,8
1370,2015,08,010,4,F,1
1370,2015,08,010,4,M,2
1370,2015,08,010,5,M,1
1370,2015,08,011,2,F,5
1370,2015,08,011,2,M,5
1370,2015,08,011,3,F,2
1370,2015,08,011,4,F,2
1370,2015,08,011,4,M,1
1370,2015,08,011,5,M,2
1370,2015,08,012,2,M,2
1370,2015,08,012,3,F,1
1370,2015,08,013,2,F,11
1370,2015,08,013,2,M,4
1370,2015,08,013,3,F,1
1370,2015,08,013,3,M,1
1370,2015,08,013,4,M,2
1370,2015,08,013,5,M,1
1370,2015,08,013,6,M,1
1370,2015,08,014,2,F,6
1370,2015,08,014,2,M,8
1370,2015,08,014,3,F,1
1370,2015,08,014,4,F,2
1370,2015,08,015,2,F,8
1370,2015,08,015,2,M,8
1370,2015,08,015,5,M,1
1370,2015,08,016,2,F,1
1370,2015,08,016,3,F,1
1370,2015,08,017,4,M,1
1370,2015,12,001,2,F,13
1370,2015,12,001,2,M,10
1370,2015,12,001,3,F,3
1370,2015,12,001,3,M,4
1370,2015,12,001,4,M,4
1370,2015,12,001,5,M,1
1370,2015,12,001,6,M,1
1370,2015,12,002,2,F,10
1370,2015,12,002,2,M,11
1370,2015,12,002,3,M,3
1370,2015,12,002,4,F,1
1370,2015,12,002,4,M,3
1370,2015,12,002,5,M,3
1370,2015,12,002,6,M,1
1370,2015,12,003,2,F,1
1370,2015,12,004,2,F,3
1370,2015,12,004,2,M,1
1370,2015,12,004,3,M,2
1370,2015,12,004,4,F,1
1370,2015,12,005,2,M,1
1370,2015,12,005,4,M,1
1370,2015,12,005,5,F,1
1370,2015,12,006,2,F,1
1370,2015,12,006,2,M,1
1370,2015,12,006,3,M,1
1370,2015,12,007,2,M,1
1370,2015,12,008,2,F,1
1370,2015,12,008,2,M,5
1370,2015,12,008,3,M,1
1370,2015,12,009,2,F,3
1370,2015,12,009,2,M,3
1370,2015,12,009,4,F,1
1370,2015,12,009,5,M,1
1370,2015,12,009,6,M,1
1370,2015,12,010,2,F,3
1370,2015,12,010,2,M,2
1370,2015,12,010,3,F,1
1370,2015,12,011,2,F,2
1370,2015,12,011,2,M,4
1370,2015,12,011,5,M,1
1370,2015,12,012,2,M,1
1370,2015,12,012,3,F,1
1370,2015,12,012,3,M,1
1370,2015,12,012,4,M,1
1370,2015,12,013,2,F,4
1370,2015,12,013,2,M,5
1370,2015,12,013,4,F,2
1370,2015,12,013,4,M,2
1370,2015,12,013,5,F,1
1370,2015,12,014,2,F,5
1370,2015,12,014,2,M,4
1370,2015,12,014,3,M,1
1370,2015,12,014,4,M,1
1370,2015,12,015,2,F,3
1370,2015,12,015,2,M,1
1370,2015,12,015,4,F,2
1370,2015,12,015,5,M,1
1370,2015,12,017,2,F,1
1370,2015,12,017,2,M,2
1370,2016,05,001,2,F,28
1370,2016,05,001,2,M,21
1370,2016,05,001,3,F,3
1370,2016,05,001,3,M,7
1370,2016,05,001,4,M,3
1370,2016,05,001,5,F,1
1370,2016,05,001,5,M,4
1370,2016,05,001,6,M,4
1370,2016,05,002,2,F,31
1370,2016,05,002,2,M,21
1370,2016,05,002,3,F,2
1370,2016,05,002,3,M,6
1370,2016,05,002,4,F,3
1370,2016,05,002,4,M,3
1370,2016,05,002,5,F,1
1370,2016,05,002,5,M,5
1370,2016,05,002,6,M,3
1370,2016,05,003,2,F,3
1370,2016,05,003,2,M,1
1370,2016,05,003,4,M,1
1370,2016,05,003,5,F,1
1370,2016,05,003,5,M,2
1370,2016,05,004,2,F,5
1370,2016,05,004,2,M,4
1370,2016,05,004,3,M,1
1370,2016,05,004,4,M,4
1370,2016,05,004,6,F,1
1370,2016,05,005,2,F,5
1370,2016,05,005,2,M,3
1370,2016,05,005,4,M,1
1370,2016,05,005,5,F,1
1370,2016,05,006,2,F,5
1370,2016,05,006,2,M,5
1370,2016,05,007,2,F,1
1370,2016,05,007,2,M,1
1370,2016,05,007,3,F,1
1370,2016,05,007,3,M,1
1370,2016,05,007,4,M,1
1370,2016,05,007,5,M,1
1370,2016,05,007,6,M,1
1370,2016,05,008,2,F,7
1370,2016,05,008,2,M,3
1370,2016,05,008,6,M,1
1370,2016,05,009,2,F,5
1370,2016,05,009,2,M,8
1370,2016,05,009,4,F,2
1370,2016,05,009,6,M,1
1370,2016,05,010,2,F,11
1370,2016,05,010,2,M,2
1370,2016,05,010,3,M,1
1370,2016,05,010,4,F,1
1370,2016,05,010,5,M,1
1370,2016,05,010,6,M,1
1370,2016,05,011,2,F,7
1370,2016,05,011,2,M,13
1370,2016,05,011,3,M,1
1370,2016,05,011,4,F,1
1370,2016,05,011,4,M,3
1370,2016,05,011,5,M,4
1370,2016,05,012,2,M,1
1370,2016,05,013,2,F,9
1370,2016,05,013,2,M,8
1370,2016,05,013,3,M,1
1370,2016,05,013,4,M,1
1370,2016,05,013,6,M,2
1370,2016,05,014,2,F,10
1370,2016,05,014,2,M,5
1370,2016,05,014,3,M,1
1370,2016,05,014,4,F,2
1370,2016,05,014,4,M,2
1370,2016,05,014,6,M,1
1370,2016,05,015,2,F,5
1370,2016,05,015,2,M,4
1370,2016,05,015,4,F,1
1370,2016,05,015,5,M,1
1370,2016,05,016,2,M,1
1370,2016,05,016,4,M,1
1370,2016,05,017,2,F,1
1370,2016,05,017,2,M,1
1370,2016,05,017,3,F,1
1370,2016,05,017,4,M,1
1370,2016,08,001,2,F,10
1370,2016,08,001,2,M,3
1370,2016,08,001,3,F,1
1370,2016,08,002,2,F,7
1370,2016,08,002,2,M,2
1370,2016,08,002,3,M,1
1370,2016,08,002,5,M,2
1370,2016,08,004,2,M,1
1370,2016,08,004,4,F,1
1370,2016,08,006,2,F,2
1370,2016,08,006,2,M,2
1370,2016,08,006,3,M,1
1370,2016,08,008,2,F,1
1370,2016,08,008,2,M,1
1370,2016,08,009,2,F,2
1370,2016,08,009,2,M,2
1370,2016,08,009,6,M,1
1370,2016,08,010,2,F,3
1370,2016,08,010,4,F,1
1370,2016,08,011,2,F,3
1370,2016,08,011,2,M,2
1370,2016,08,011,3,M,1
1370,2016,08,012,2,F,1
1370,2016,08,013,2,F,3
1370,2016,08,014,2,F,2
1370,2016,08,016,2,M,1
1370,2016,08,017,2,M,1
1370,2016,12,001,2,F,15
1370,2016,12,001,2,M,19
1370,2016,12,001,3,F,4
1370,2016,12,001,3,M,3
1370,2016,12,001,5,F,3
1370,2016,12,002,2,F,24
1370,2016,12,002,2,M,18
1370,2016,12,002,3,F,1
1370,2016,12,002,3,M,2
1370,2016,12,002,4,M,1
1370,2016,12,002,6,M,1
1370,2016,12,003,2,F,5
1370,2016,12,003,2,M,3
1370,2016,12,004,2,F,3
1370,2016,12,004,2,M,7
1370,2016,12,005,2,F,4
1370,2016,12,005,2,M,2
1370,2016,12,005,4,M,1
1370,2016,12,006,2,F,1
1370,2016,12,006,4,F,1
1370,2016,12,006,5,M,1
1370,2016,12,007,2,F,1
1370,2016,12,007,2,M,2
1370,2016,12,007,3,M,1
1370,2016,12,008,2,M,6
1370,2016,12,008,3,F,1
1370,2016,12,008,5,F,1
1370,2016,12,008,5,M,1
1370,2016,12,008,6,M,1
1370,2016,12,009,2,F,7
1370,2016,12,009,2,M,4
1370,2016,12,009,3,M,1
1370,2016,12,009,4,F,2
1370,2016,12,009,4,M,1
1370,2016,12,009,5,F,1
1370,2016,12,009,6,M,2
1370,2016,12,010,2,F,6
1370,2016,12,010,2,M,2
1370,2016,12,010,6,M,1
1370,2016,12,011,2,F,3
1370,2016,12,011,2,M,2
1370,2016,12,011,3,M,1
1370,2016,12,011,4,F,1
1370,2016,12,013,2,F,8
1370,2016,12,013,2,M,3
1370,2016,12,013,3,F,1
1370,2016,12,013,3,M,3
1370,2016,12,013,4,M,1
1370,2016,12,014,2,F,2
1370,2016,12,014,2,M,5
1370,2016,12,015,2,F,1
1370,2016,12,015,2,M,1
1370,2016,12,016,2,M,2
1370,2016,12,016,4,M,1
1370,2016,12,017,2,F,1
1370,2016,12,017,2,M,1
1370,2017,05,001,2,F,19
1370,2017,05,001,2,M,15
1370,2017,05,001,3,M,3
1370,2017,05,001,4,M,2
1370,2017,05,001,5,M,3
1370,2017,05,001,6,M,2
1370,2017,05,002,2,F,22
1370,2017,05,002,2,M,16
1370,2017,05,002,3,F,1
1370,2017,05,002,3,M,3
1370,2017,05,002,4,F,2
1370,2017,05,002,4,M,1
1370,2017,05,002,6,M,1
1370,2017,05,003,2,F,2
1370,2017,05,003,2,M,1
1370,2017,05,003,3,F,1
1370,2017,05,004,2,F,1
1370,2017,05,004,2,M,2
1370,2017,05,004,3,M,1
1370,2017,05,004,4,M,1
1370,2017,05,004,5,M,2
1370,2017,05,004,6,M,1
1370,2017,05,005,2,F,1
1370,2017,05,005,2,M,1
1370,2017,05,005,4,F,1
1370,2017,05,006,2,M,1
1370,2017,05,007,2,M,1
1370,2017,05,008,2,F,3
1370,2017,05,008,2,M,1
1370,2017,05,008,3,M,1
1370,2017,05,009,2,F,5
1370,2017,05,009,2,M,4
1370,2017,05,009,4,M,2
1370,2017,05,010,2,F,2
1370,2017,05,010,2,M,2
1370,2017,05,010,3,F,2
1370,2017,05,011,2,F,3
1370,2017,05,011,2,M,4
1370,2017,05,011,3,F,1
1370,2017,05,012,2,F,1
1370,2017,05,012,2,M,1
1370,2017,05,013,2,F,6
1370,2017,05,013,2,M,3
1370,2017,05,013,5,M,1
1370,2017,05,014,2,F,4
1370,2017,05,014,2,M,3
1370,2017,05,014,4,F,1
1370,2017,05,015,2,F,3
1370,2017,05,015,2,M,3
1370,2017,05,015,5,M,1
1370,2017,05,016,2,F,1
1370,2017,05,017,2,F,1
1370,2017,08,001,2,F,8
1370,2017,08,001,2,M,15
1370,2017,08,001,3,F,1
1370,2017,08,001,3,M,1
1370,2017,08,001,5,M,2
1370,2017,08,001,6,M,2
1370,2017,08,001,7,M,1
1370,2017,08,002,2,F,20
1370,2017,08,002,2,M,16
1370,2017,08,002,3,F,1
1370,2017,08,002,3,M,3
1370,2017,08,002,4,M,2
1370,2017,08,002,5,M,4
1370,2017,08,002,6,M,1
1370,2017,08,003,2,F,3
1370,2017,08,003,2,M,3
1370,2017,08,003,5,M,1
1370,2017,08,003,6,M,1
1370,2017,08,004,2,F,1
1370,2017,08,004,2,M,3
1370,2017,08,004,4,M,2
1370,2017,08,005,2,M,2
1370,2017,08,005,3,M,1
1370,2017,08,005,5,M,1
1370,2017,08,006,2,M,1
1370,2017,08,006,3,M,1
1370,2017,08,007,2,F,4
1370,2017,08,007,2,M,1
1370,2017,08,007,4,M,1
1370,2017,08,008,2,F,3
1370,2017,08,008,2,M,5
1370,2017,08,008,3,M,1
1370,2017,08,008,5,M,1
1370,2017,08,009,2,F,3
1370,2017,08,009,2,M,6
1370,2017,08,009,4,M,2
1370,2017,08,010,2,F,1
1370,2017,08,010,2,M,3
1370,2017,08,011,2,M,3
1370,2017,08,011,4,F,1
1370,2017,08,011,4,M,1
1370,2017,08,012,2,M,1
1370,2017,08,013,2,F,3
1370,2017,08,013,2,M,1
1370,2017,08,013,3,M,1
1370,2017,08,013,4,M,1
1370,2017,08,013,5,M,1
1370,2017,08,013,6,M,1
1370,2017,08,014,2,F,2
1370,2017,08,014,2,M,2
1370,2017,08,014,4,M,1
1370,2017,08,014,5,F,1
1370,2017,08,015,2,F,2
1370,2017,08,015,2,M,1
1370,2017,08,015,4,F,1
1370,2017,08,016,2,F,1
1370,2017,08,016,5,M,1
1370,2017,08,017,4,M,1
1370,2017,08,017,5,M,1
1370,2017,12,001,2,F,23
1370,2017,12,001,2,M,18
1370,2017,12,001,3,F,3
1370,2017,12,001,3,M,3
1370,2017,12,001,4,F,2
1370,2017,12,001,4,M,1
1370,2017,12,001,5,M,1
1370,2017,12,001,6,M,2
1370,2017,12,002,2,F,22
1370,2017,12,002,2,M,23
1370,2017,12,002,3,F,5
1370,2017,12,002,3,M,3
1370,2017,12,002,4,F,1
1370,2017,12,002,4,M,2
1370,2017,12,002,5,F,1
1370,2017,12,002,5,M,2
1370,2017,12,002,6,F,1
1370,2017,12,002,6,M,1
1370,2017,12,003,2,F,4
1370,2017,12,003,2,M,4
1370,2017,12,003,3,F,1
1370,2017,12,003,4,F,1
1370,2017,12,004,2,F,9
1370,2017,12,004,2,M,4
1370,2017,12,004,4,M,2
1370,2017,12,005,2,M,1
1370,2017,12,005,4,M,1
1370,2017,12,006,2,F,5
1370,2017,12,006,2,M,6
1370,2017,12,007,2,F,2
1370,2017,12,007,2,M,1
1370,2017,12,008,2,F,5
1370,2017,12,008,2,M,6
1370,2017,12,008,3,F,1
1370,2017,12,008,3,M,1
1370,2017,12,008,4,M,1
1370,2017,12,009,2,F,2
1370,2017,12,009,2,M,10
1370,2017,12,009,3,M,1
1370,2017,12,009,5,M,2
1370,2017,12,010,2,F,1
1370,2017,12,010,2,M,3
1370,2017,12,010,3,F,1
1370,2017,12,010,3,M,1
1370,2017,12,010,4,F,1
1370,2017,12,011,2,F,1
1370,2017,12,011,2,M,1
1370,2017,12,011,4,F,2
1370,2017,12,012,2,F,1
1370,2017,12,012,4,M,1
1370,2017,12,013,2,F,5
1370,2017,12,013,2,M,4
1370,2017,12,013,4,F,1
1370,2017,12,013,5,M,1
1370,2017,12,013,6,M,1
1370,2017,12,014,2,F,5
1370,2017,12,014,2,M,3
1370,2017,12,014,6,M,1
1370,2017,12,015,2,F,5
1370,2017,12,015,2,M,5
1370,2017,12,015,3,M,1
1370,2017,12,016,2,F,2
1370,2017,12,016,4,M,1
1370,2017,12,017,2,M,1
1370,2018,05,001,2,F,19
1370,2018,05,001,2,M,17
1370,2018,05,001,3,F,1
1370,2018,05,001,3,M,5
1370,2018,05,001,4,F,3
1370,2018,05,001,4,M,2
1370,2018,05,001,5,M,1
1370,2018,05,001,6,M,2
1370,2018,05,002,2,F,30
1370,2018,05,002,2,M,26
1370,2018,05,002,3,F,4
1370,2018,05,002,3,M,5
1370,2018,05,002,4,F,4
1370,2018,05,002,4,M,9
1370,2018,05,002,5,M,9
1370,2018,05,002,6,M,4
1370,2018,05,002,7,M,1
1370,2018,05,003,2,F,4
1370,2018,05,003,2,M,1
1370,2018,05,003,3,M,1
1370,2018,05,003,4,F,1
1370,2018,05,003,4,M,2
1370,2018,05,003,5,M,3
1370,2018,05,004,2,F,5
1370,2018,05,004,2,M,7
1370,2018,05,004,4,M,2
1370,2018,05,005,2,F,1
1370,2018,05,005,2,M,4
1370,2018,05,005,5,M,1
1370,2018,05,005,6,M,1
1370,2018,05,006,2,F,2
1370,2018,05,006,2,M,3
1370,2018,05,006,3,F,1
1370,2018,05,006,4,F,1
1370,2018,05,006,5,M,1
1370,2018,05,007,2,F,2
1370,2018,05,007,2,M,1
1370,2018,05,007,4,F,1
1370,2018,05,007,5,M,2
1370,2018,05,007,6,M,1
1370,2018,05,008,2,F,6
1370,2018,05,008,2,M,6
1370,2018,05,008,4,M,2
1370,2018,05,008,6,M,1
1370,2018,05,009,2,F,6
1370,2018,05,009,2,M,12
1370,2018,05,009,3,M,1
1370,2018,05,009,4,M,1
1370,2018,05,009,5,F,1
1370,2018,05,009,5,M,3
1370,2018,05,010,2,F,3
1370,2018,05,010,2,M,7
1370,2018,05,010,3,M,1
1370,2018,05,010,4,F,1
1370,2018,05,010,4,M,1
1370,2018,05,010,5,F,1
1370,2018,05,010,5,M,1
1370,2018,05,011,2,F,15
1370,2018,05,011,2,M,12
1370,2018,05,011,3,F,1
1370,2018,05,011,3,M,1
1370,2018,05,011,5,M,1
1370,2018,05,012,2,M,3
1370,2018,05,012,5,M,1
1370,2018,05,013,2,F,9
1370,2018,05,013,2,M,6
1370,2018,05,013,3,M,1
1370,2018,05,013,4,M,1
1370,2018,05,013,5,M,2
1370,2018,05,013,6,M,1
1370,2018,05,014,2,F,9
1370,2018,05,014,2,M,13
1370,2018,05,014,4,M,1
1370,2018,05,014,5,M,1
1370,2018,05,014,6,M,1
1370,2018,05,015,2,F,4
1370,2018,05,015,2,M,9
1370,2018,05,015,4,M,1
1370,2018,05,015,5,M,1
1370,2018,05,016,2,M,3
1370,2018,05,016,3,F,1
1370,2018,05,017,2,M,1
1370,2018,05,017,6,M,1
1370,2018,08,001,2,F,11
1370,2018,08,001,2,M,11
1370,2018,08,001,3,M,2
1370,2018,08,001,4,F,2
1370,2018,08,001,4,M,2
1370,2018,08,002,2,F,18
1370,2018,08,002,2,M,7
1370,2018,08,002,3,F,2
1370,2018,08,002,3,M,3
1370,2018,08,002,4,M,2
1370,2018,08,002,5,F,1
1370,2018,08,002,5,M,2
1370,2018,08,003,2,F,2
1370,2018,08,003,2,M,2
1370,2018,08,003,3,F,1
1370,2018,08,003,3,M,1
1370,2018,08,003,4,M,1
1370,2018,08,004,2,F,2
1370,2018,08,004,2,M,3
1370,2018,08,004,4,M,2
1370,2018,08,005,2,F,1
1370,2018,08,005,2,M,1
1370,2018,08,006,2,F,1
1370,2018,08,006,2,M,1
1370,2018,08,006,4,M,1
1370,2018,08,007,2,M,1
1370,2018,08,007,4,M,1
1370,2018,08,007,5,M,1
1370,2018,08,008,2,F,3
1370,2018,08,008,2,M,2
1370,2018,08,008,4,M,1
1370,2018,08,009,2,F,4
1370,2018,08,009,2,M,3
1370,2018,08,009,3,M,1
1370,2018,08,009,4,F,1
1370,2018,08,009,4,M,2
1370,2018,08,010,2,F,1
1370,2018,08,010,2,M,2
1370,2018,08,010,6,M,1
1370,2018,08,011,2,F,7
1370,2018,08,011,2,M,5
1370,2018,08,011,3,F,1
1370,2018,08,011,4,F,1
1370,2018,08,012,2,F,1
1370,2018,08,012,2,M,2
1370,2018,08,013,2,F,1
1370,2018,08,013,2,M,2
1370,2018,08,014,2,F,2
1370,2018,08,014,2,M,4
1370,2018,08,014,3,F,1
1370,2018,08,014,3,M,1
1370,2018,08,014,4,F,1
1370,2018,08,015,2,F,6
1370,2018,08,015,2,M,2
1370,2018,08,015,4,F,1
1370,2018,08,015,5,M,2
1370,2018,08,017,2,F,1
1370,2018,08,017,2,M,1
1370,2018,12,001,2,F,19
1370,2018,12,001,2,M,15
1370,2018,12,001,3,F,2
1370,2018,12,001,3,M,2
1370,2018,12,001,4,F,2
1370,2018,12,001,4,M,1
1370,2018,12,001,5,M,3
1370,2018,12,002,2,F,14
1370,2018,12,002,2,M,11
1370,2018,12,002,3,F,1
1370,2018,12,002,3,M,3
1370,2018,12,002,5,M,4
1370,2018,12,002,6,M,4
1370,2018,12,003,2,F,4
1370,2018,12,003,2,M,3
1370,2018,12,003,3,M,1
1370,2018,12,003,4,M,1
1370,2018,12,004,2,F,4
1370,2018,12,004,2,M,7
1370,2018,12,004,5,M,1
1370,2018,12,005,2,M,1
1370,2018,12,006,2,F,1
1370,2018,12,006,2,M,5
1370,2018,12,006,3,M,1
1370,2018,12,007,2,F,1
1370,2018,12,007,2,M,1
1370,2018,12,008,2,F,1
1370,2018,12,008,2,M,6
1370,2018,12,008,3,F,1
1370,2018,12,008,4,F,1
1370,2018,12,009,2,F,6
1370,2018,12,009,2,M,5
1370,2018,12,009,3,M,1
1370,2018,12,009,5,M,1
1370,2018,12,009,6,M,1
1370,2018,12,010,2,F,10
1370,2018,12,010,2,M,7
1370,2018,12,010,4,M,1
1370,2018,12,010,6,M,1
1370,2018,12,011,2,F,3
1370,2018,12,011,2,M,5
1370,2018,12,011,3,F,3
1370,2018,12,011,4,M,1
1370,2018,12,012,2,F,1
1370,2018,12,013,2,F,6
1370,2018,12,013,2,M,4
1370,2018,12,013,5,M,1
1370,2018,12,014,2,F,5
1370,2018,12,014,2,M,3
1370,2018,12,014,3,F,1
1370,2018,12,014,3,M,1
1370,2018,12,015,2,F,5
1370,2018,12,015,2,M,5
1370,2018,12,017,3,M,1
1370,2019,05,001,2,F,21
1370,2019,05,001,2,M,16
1370,2019,05,001,3,F,3
1370,2019,05,001,3,M,7
1370,2019,05,001,4,F,3
1370,2019,05,001,4,M,3
1370,2019,05,001,5,F,1
1370,2019,05,001,5,M,2
1370,2019,05,001,6,M,1
1370,2019,05,002,2,F,36
1370,2019,05,002,2,M,29
1370,2019,05,002,3,F,2
1370,2019,05,002,3,M,4
1370,2019,05,002,4,F,2
1370,2019,05,002,4,M,4
1370,2019,05,002,5,F,2
1370,2019,05,002,5,M,8
1370,2019,05,002,6,M,1
1370,2019,05,003,2,F,10
1370,2019,05,003,2,M,3
1370,2019,05,003,3,F,1
1370,2019,05,003,3,M,1
1370,2019,05,003,4,M,2
1370,2019,05,003,5,M,1
1370,2019,05,003,6,M,2
1370,2019,05,004,2,F,3
1370,2019,05,004,2,M,7
1370,2019,05,004,3,F,1
1370,2019,05,004,3,M,3
1370,2019,05,004,4,M,1
1370,2019,05,005,2,F,2
1370,2019,05,005,2,M,2
1370,2019,05,005,3,F,1
1370,2019,05,005,4,F,1
1370,2019,05,005,4,M,1
1370,2019,05,005,5,M,1
1370,2019,05,006,2,F,6
1370,2019,05,006,2,M,7
1370,2019,05,006,6,M,1
1370,2019,05,007,2,M,4
1370,2019,05,007,3,F,1
1370,2019,05,008,2,F,5
1370,2019,05,008,2,M,8
1370,2019,05,008,3,F,1
1370,2019,05,008,3,M,2
1370,2019,05,008,4,F,2
1370,2019,05,008,5,M,1
1370,2019,05,008,6,M,1
1370,2019,05,009,2,F,7
1370,2019,05,009,2,M,11
1370,2019,05,009,3,M,3
1370,2019,05,009,5,F,2
1370,2019,05,009,6,F,1
1370,2019,05,010,2,F,4
1370,2019,05,010,2,M,6
1370,2019,05,010,4,F,2
1370,2019,05,010,4,M,1
1370,2019,05,010,5,F,1
1370,2019,05,010,5,M,2
1370,2019,05,010,7,M,1
1370,2019,05,011,2,F,8
1370,2019,05,011,2,M,17
1370,2019,05,011,3,F,2
1370,2019,05,011,3,M,1
1370,2019,05,011,4,M,3
1370,2019,05,011,6,M,1
1370,2019,05,012,2,F,5
1370,2019,05,012,2,M,4
1370,2019,05,012,5,M,1
1370,2019,05,013,2,F,8
1370,2019,05,013,2,M,6
1370,2019,05,013,3,F,1
1370,2019,05,013,4,M,2
1370,2019,05,013,5,F,1
1370,2019,05,013,6,M,2
1370,2019,05,014,2,F,5
1370,2019,05,014,2,M,1
1370,2019,05,014,3,M,1
1370,2019,05,014,4,M,1
1370,2019,05,015,2,F,3
1370,2019,05,015,2,M,4
1370,2019,05,016,2,F,2
1370,2019,05,016,2,M,3
1370,2019,05,016,5,M,1
1370,2019,08,001,2,F,10
1370,2019,08,001,2,M,4
1370,2019,08,001,3,M,2
1370,2019,08,001,4,M,2
1370,2019,08,001,5,M,1
1370,2019,08,001,6,M,1
1370,2019,08,002,2,F,10
1370,2019,08,002,2,M,3
1370,2019,08,002,3,F,2
1370,2019,08,002,3,M,2
1370,2019,08,002,4,M,1
1370,2019,08,002,5,M,1
1370,2019,08,002,6,M,2
1370,2019,08,003,2,M,1
1370,2019,08,003,5,M,1
1370,2019,08,004,2,F,2
1370,2019,08,004,2,M,3
1370,2019,08,004,3,M,1
1370,2019,08,004,5,M,1
1370,2019,08,005,2,F,1
1370,2019,08,005,2,M,2
1370,2019,08,005,3,F,2
1370,2019,08,006,2,M,1
1370,2019,08,006,4,F,2
1370,2019,08,007,5,M,1
1370,2019,08,007,6,M,1
1370,2019,08,008,2,F,3
1370,2019,08,008,2,M,2
1370,2019,08,009,2,F,2
1370,2019,08,009,2,M,2
1370,2019,08,010,2,F,1
1370,2019,08,010,2,M,1
1370,2019,08,010,4,M,2
1370,2019,08,010,5,F,1
1370,2019,08,010,6,M,1
1370,2019,08,011,2,F,1
1370,2019,08,011,2,M,2
1370,2019,08,012,2,M,1
1370,2019,08,012,3,F,1
1370,2019,08,013,2,F,5
1370,2019,08,013,5,F,1
1370,2019,08,013,6,M,1
1370,2019,08,014,2,F,5
1370,2019,08,014,2,M,4
1370,2019,08,014,4,M,1
1370,2019,08,015,2,F,3
1370,2019,08,015,2,M,1
1370,2019,08,015,3,M,1
1370,2019,08,016,2,F,1
1370,2019,08,017,2,F,1
1370,2019,12,001,2,F,8
1370,2019,12,001,2,M,3
1370,2019,12,001,3,M,1
1370,2019,12,002,2,F,8
1370,2019,12,002,2,M,9
1370,2019,12,002,3,F,2
1370,2019,12,002,4,F,1
1370,2019,12,002,4,M,2
1370,2019,12,002,5,M,2
1370,2019,12,003,2,F,2
1370,2019,12,003,2,M,4
1370,2019,12,004,2,F,5
1370,2019,12,004,2,M,1
1370,2019,12,005,2,F,1
1370,2019,12,006,2,F,1
1370,2019,12,006,2,M,1
1370,2019,12,007,2,M,1
1370,2019,12,008,2,F,3
1370,2019,12,008,2,M,1
1370,2019,12,008,4,M,1
1370,2019,12,009,2,F,6
1370,2019,12,009,2,M,3
1370,2019,12,009,4,F,1
1370,2019,12,010,2,M,2
1370,2019,12,010,3,M,1
1370,2019,12,011,2,F,2
1370,2019,12,011,2,M,2
1370,2019,12,011,3,M,1
1370,2019,12,011,4,F,1
1370,2019,12,011,4,M,1
1370,2019,12,012,2,F,2
1370,2019,12,012,2,M,1
1370,2019,12,012,3,F,1
1370,2019,12,012,4,M,1
1370,2019,12,012,5,M,1
1370,2019,12,013,2,F,4
1370,2019,12,013,2,M,1
1370,2019,12,013,6,M,1
1370,2019,12,014,2,F,3
1370,2019,12,014,2,M,5
1370,2019,12,015,2,F,6
1370,2019,12,015,2,M,2
1370,2019,12,017,2,F,1
1370,2020,06,001,2,F,12
1370,2020,06,001,2,M,5
1370,2020,06,001,3,F,2
1370,2020,06,001,3,M,2
1370,2020,06,001,4,F,1
1370,2020,06,001,4,M,4
1370,2020,06,001,5,F,1
1370,2020,06,001,5,M,3
1370,2020,06,001,6,F,1
1370,2020,06,001,6,M,2
1370,2020,06,002,2,F,8
1370,2020,06,002,2,M,4
1370,2020,06,002,3,F,1
1370,2020,06,002,3,M,1
1370,2020,06,002,4,M,4
1370,2020,06,002,5,M,2
1370,2020,06,002,6,M,4
1370,2020,06,003,2,F,4
1370,2020,06,003,2,M,2
1370,2020,06,003,3,M,1
1370,2020,06,003,5,M,1
1370,2020,06,004,2,F,2
1370,2020,06,004,2,M,2
1370,2020,06,004,4,M,2
1370,2020,06,005,2,F,2
1370,2020,06,005,2,M,1
1370,2020,06,006,2,F,3
1370,2020,06,006,2,M,1
1370,2020,06,006,5,M,1
1370,2020,06,007,2,F,1
1370,2020,06,007,2,M,2
1370,2020,06,007,4,M,1
1370,2020,06,008,2,F,2
1370,2020,06,008,2,M,2
1370,2020,06,009,2,F,1
1370,2020,06,009,2,M,3
1370,2020,06,010,2,F,6
1370,2020,06,010,2,M,7
1370,2020,06,010,6,M,1
1370,2020,06,011,2,F,3
1370,2020,06,011,2,M,1
1370,2020,06,011,5,M,1
1370,2020,06,011,6,M,1
1370,2020,06,012,2,F,1
1370,2020,06,012,3,M,1
1370,2020,06,013,2,M,3
1370,2020,06,013,5,M,1
1370,2020,06,013,6,M,1
1370,2020,06,014,2,F,2
1370,2020,06,014,2,M,3
1370,2020,06,014,3,M,1
1370,2020,06,015,2,F,2
1370,2020,06,015,2,M,1
1370,2020,06,015,3,M,1
1370,2020,06,016,2,M,1
1370,2020,06,999,2,M,1
1370,2020,09,001,2,F,32
1370,2020,09,001,2,M,20
1370,2020,09,001,3,F,4
1370,2020,09,001,3,M,7
1370,2020,09,001,4,F,2
1370,2020,09,001,4,M,1
1370,2020,09,001,5,M,4
1370,2020,09,001,6,M,1
1370,2020,09,002,2,F,34
1370,2020,09,002,2,M,29
1370,2020,09,002,3,F,3
1370,2020,09,002,3,M,1
1370,2020,09,002,4,F,1
1370,2020,09,002,4,M,5
1370,2020,09,002,5,M,4
1370,2020,09,002,6,M,3
1370,2020,09,003,2,F,4
1370,2020,09,003,2,M,3
1370,2020,09,003,3,F,1
1370,2020,09,003,3,M,1
1370,2020,09,003,4,M,2
1370,2020,09,004,2,F,9
1370,2020,09,004,2,M,7
1370,2020,09,004,4,M,1
1370,2020,09,005,2,F,2
1370,2020,09,005,2,M,2
1370,2020,09,006,2,F,6
1370,2020,09,006,2,M,2
1370,2020,09,006,3,M,1
1370,2020,09,006,4,F,1
1370,2020,09,006,5,M,1
1370,2020,09,007,2,M,4
1370,2020,09,007,3,F,3
1370,2020,09,007,4,F,1
1370,2020,09,007,4,M,1
1370,2020,09,007,5,M,2
1370,2020,09,008,2,F,6
1370,2020,09,008,2,M,7
1370,2020,09,008,3,F,2
1370,2020,09,008,3,M,2
1370,2020,09,009,2,F,9
1370,2020,09,009,2,M,7
1370,2020,09,009,3,F,1
1370,2020,09,009,4,F,1
1370,2020,09,009,4,M,1
1370,2020,09,009,6,M,2
1370,2020,09,010,2,F,11
1370,2020,09,010,2,M,6
1370,2020,09,010,3,F,1
1370,2020,09,010,3,M,1
1370,2020,09,010,4,F,1
1370,2020,09,011,2,F,6
1370,2020,09,011,2,M,8
1370,2020,09,011,4,M,2
1370,2020,09,012,2,F,2
1370,2020,09,012,2,M,5
1370,2020,09,012,3,M,1
1370,2020,09,012,5,M,1
1370,2020,09,012,6,F,1
1370,2020,09,013,2,F,13
1370,2020,09,013,2,M,13
1370,2020,09,013,3,M,2
1370,2020,09,013,4,M,2
1370,2020,09,013,5,M,1
1370,2020,09,013,6,M,1
1370,2020,09,014,2,F,11
1370,2020,09,014,2,M,10
1370,2020,09,014,4,F,1
1370,2020,09,014,5,M,1
1370,2020,09,015,2,F,6
1370,2020,09,015,2,M,5
1370,2020,09,015,3,M,1
1370,2020,09,015,5,M,1
1370,2020,09,016,2,M,1
1370,2020,09,017,3,F,1
1370,2020,09,017,4,F,1
1370,2020,09,999,2,M,1
1370,2020,11,001,2,F,10
1370,2020,11,001,2,M,6
1370,2020,11,001,4,M,1
1370,2020,11,001,5,M,1
1370,2020,11,002,2,F,3
1370,2020,11,002,2,M,7
1370,2020,11,002,3,F,1
1370,2020,11,002,3,M,1
1370,2020,11,002,4,M,1
1370,2020,11,002,5,M,2
1370,2020,11,003,6,M,1
1370,2020,11,004,2,M,1
1370,2020,11,004,4,M,1
1370,2020,11,004,6,F,1
1370,2020,11,005,2,M,1
1370,2020,11,005,4,F,1
1370,2020,11,006,2,F,1
1370,2020,11,006,2,M,1
1370,2020,11,006,3,F,1
1370,2020,11,008,2,F,1
1370,2020,11,008,2,M,2
1370,2020,11,009,2,F,4
1370,2020,11,009,2,M,1
1370,2020,11,009,6,M,1
1370,2020,11,010,2,F,2
1370,2020,11,010,2,M,4
1370,2020,11,011,2,F,1
1370,2020,11,011,5,M,1
1370,2020,11,011,6,M,2
1370,2020,11,012,2,F,1
1370,2020,11,013,2,F,1
1370,2020,11,013,2,M,2
1370,2020,11,014,4,F,1
1370,2020,11,014,5,M,1
1370,2020,11,015,2,F,1
1370,2020,12,001,2,F,7
1370,2020,12,001,2,M,4
1370,2020,12,001,3,F,3
1370,2020,12,001,3,M,2
1370,2020,12,001,6,M,2
1370,2020,12,002,2,F,19
1370,2020,12,002,2,M,11
1370,2020,12,002,3,M,1
1370,2020,12,002,4,F,2
1370,2020,12,002,5,F,1
1370,2020,12,002,5,M,6
1370,2020,12,003,2,F,2
1370,2020,12,003,2,M,1
1370,2020,12,003,5,M,2
1370,2020,12,004,2,F,1
1370,2020,12,004,2,M,3
1370,2020,12,005,2,M,2
1370,2020,12,005,4,M,1
1370,2020,12,006,2,F,3
1370,2020,12,006,2,M,2
1370,2020,12,006,3,M,1
1370,2020,12,007,2,F,3
1370,2020,12,008,2,F,3
1370,2020,12,008,2,M,2
1370,2020,12,008,4,M,1
1370,2020,12,008,5,F,1
1370,2020,12,009,2,F,9
1370,2020,12,009,2,M,3
1370,2020,12,009,4,F,1
1370,2020,12,009,4,M,1
1370,2020,12,009,5,M,2
1370,2020,12,010,2,F,5
1370,2020,12,010,2,M,3
1370,2020,12,010,3,F,1
1370,2020,12,010,6,F,1
1370,2020,12,011,2,F,5
1370,2020,12,011,2,M,2
1370,2020,12,011,4,F,1
1370,2020,12,012,2,F,1
1370,2020,12,013,2,F,3
1370,2020,12,013,2,M,4
1370,2020,12,014,2,F,3
1370,2020,12,014,2,M,1
1370,2020,12,014,4,M,1
1370,2020,12,015,2,F,3
1370,2020,12,015,2,M,2
1370,2020,12,015,4,M,1
1370,2020,12,015,5,M,1
1370,2020,12,017,2,F,2
1370,2020,12,017,4,M,1
1370,2021,06,001,2,F,15
1370,2021,06,001,2,M,7
1370,2021,06,001,3,F,3
1370,2021,06,001,3,M,2
1370,2021,06,001,4,F,1
1370,2021,06,001,4,M,2
1370,2021,06,001,5,F,1
1370,2021,06,001,5,M,4
1370,2021,06,001,6,M,5
1370,2021,06,002,2,F,23
1370,2021,06,002,2,M,11
1370,2021,06,002,3,F,2
1370,2021,06,002,3,M,1
1370,2021,06,002,4,F,3
1370,2021,06,002,4,M,3
1370,2021,06,002,5,M,5
1370,2021,06,002,6,M,4
1370,2021,06,003,2,F,3
1370,2021,06,003,2,M,4
1370,2021,06,003,5,M,2
1370,2021,06,003,6,M,1
1370,2021,06,004,2,F,4
1370,2021,06,004,2,M,4
1370,2021,06,004,6,M,1
1370,2021,06,005,2,F,1
1370,2021,06,005,2,M,2
1370,2021,06,005,4,F,1
1370,2021,06,005,4,M,1
1370,2021,06,005,5,M,2
1370,2021,06,006,2,F,3
1370,2021,06,006,2,M,2
1370,2021,06,006,5,F,1
1370,2021,06,006,6,M,1
1370,2021,06,007,2,M,2
1370,2021,06,007,4,M,1
1370,2021,06,007,5,M,2
1370,2021,06,008,2,F,4
1370,2021,06,008,2,M,8
1370,2021,06,008,3,M,2
1370,2021,06,008,5,M,1
1370,2021,06,009,2,F,8
1370,2021,06,009,2,M,8
1370,2021,06,009,4,F,2
1370,2021,06,009,4,M,2
1370,2021,06,009,5,M,3
1370,2021,06,009,6,M,1
1370,2021,06,010,2,F,1
1370,2021,06,010,2,M,6
1370,2021,06,010,5,M,1
1370,2021,06,011,2,F,5
1370,2021,06,011,2,M,8
1370,2021,06,011,3,M,2
1370,2021,06,011,5,M,2
1370,2021,06,011,6,M,1
1370,2021,06,012,2,F,1
1370,2021,06,012,2,M,1
1370,2021,06,013,2,F,6
1370,2021,06,013,2,M,3
1370,2021,06,013,3,F,1
1370,2021,06,013,5,F,1
1370,2021,06,013,6,M,2
1370,2021,06,014,2,F,6
1370,2021,06,014,2,M,2
1370,2021,06,014,3,M,1
1370,2021,06,014,4,M,2
1370,2021,06,015,2,F,5
1370,2021,06,015,2,M,2
1370,2021,06,015,3,M,1
1370,2021,06,015,4,F,1
1370,2021,06,015,4,M,2
1370,2021,06,015,5,M,3
1370,2021,06,015,6,M,2
1370,2021,06,016,2,F,1
1370,2021,06,016,3,M,1
1370,2021,06,016,4,M,1
1370,2021,06,016,5,M,2
1370,2021,08,001,2,F,16
1370,2021,08,001,2,M,13
1370,2021,08,001,3,F,4
1370,2021,08,001,3,M,3
1370,2021,08,001,4,F,1
1370,2021,08,001,4,M,1
1370,2021,08,001,6,M,1
1370,2021,08,002,2,F,24
1370,2021,08,002,2,M,12
1370,2021,08,002,3,F,3
1370,2021,08,002,3,M,2
1370,2021,08,002,4,F,3
1370,2021,08,002,4,M,1
1370,2021,08,002,5,M,2
1370,2021,08,003,2,F,2
1370,2021,08,003,2,M,3
1370,2021,08,003,3,F,1
1370,2021,08,003,4,F,1
1370,2021,08,004,2,F,7
1370,2021,08,004,2,M,5
1370,2021,08,004,4,F,1
1370,2021,08,005,2,F,3
1370,2021,08,005,4,M,1
1370,2021,08,006,2,F,5
1370,2021,08,006,2,M,3
1370,2021,08,006,3,M,1
1370,2021,08,006,4,M,1
1370,2021,08,007,2,F,2
1370,2021,08,007,2,M,3
1370,2021,08,007,3,M,1
1370,2021,08,008,2,F,5
1370,2021,08,008,2,M,6
1370,2021,08,008,3,F,1
1370,2021,08,008,3,M,1
1370,2021,08,008,5,M,2
1370,2021,08,009,2,F,12
1370,2021,08,009,2,M,8
1370,2021,08,009,3,F,1
1370,2021,08,009,3,M,1
1370,2021,08,009,4,M,1
1370,2021,08,010,2,F,6
1370,2021,08,010,2,M,4
1370,2021,08,010,5,M,1
1370,2021,08,011,2,F,2
1370,2021,08,011,2,M,4
1370,2021,08,011,3,F,1
1370,2021,08,011,4,M,3
1370,2021,08,012,2,F,2
1370,2021,08,012,2,M,2
1370,2021,08,012,4,M,1
1370,2021,08,012,5,M,2
1370,2021,08,013,2,F,7
1370,2021,08,013,2,M,2
1370,2021,08,013,5,F,1
1370,2021,08,013,5,M,1
1370,2021,08,014,2,F,5
1370,2021,08,014,2,M,3
1370,2021,08,014,5,M,1
1370,2021,08,015,2,F,10
1370,2021,08,015,2,M,2
1370,2021,08,015,3,F,1
1370,2021,08,016,5,M,1
1370,2021,12,001,2,F,23
1370,2021,12,001,2,M,12
1370,2021,12,001,3,F,5
1370,2021,12,001,3,M,2
1370,2021,12,001,4,F,2
1370,2021,12,001,4,M,4
1370,2021,12,001,5,M,1
1370,2021,12,001,6,F,1
1370,2021,12,001,6,M,1
1370,2021,12,002,2,F,36
1370,2021,12,002,2,M,11
1370,2021,12,002,3,F,5
1370,2021,12,002,3,M,1
1370,2021,12,002,4,F,2
1370,2021,12,002,4,M,4
1370,2021,12,002,5,M,3
1370,2021,12,003,2,F,5
1370,2021,12,003,2,M,1
1370,2021,12,003,3,F,1
1370,2021,12,003,3,M,1
1370,2021,12,003,5,M,1
1370,2021,12,004,2,F,6
1370,2021,12,004,2,M,1
1370,2021,12,004,3,F,1
1370,2021,12,004,4,M,1
1370,2021,12,004,5,M,2
1370,2021,12,004,6,M,1
1370,2021,12,005,2,M,1
1370,2021,12,005,3,M,1
1370,2021,12,005,5,M,1
1370,2021,12,005,6,M,1
1370,2021,12,006,2,F,3
1370,2021,12,006,2,M,4
1370,2021,12,006,3,M,1
1370,2021,12,006,5,F,1
1370,2021,12,006,5,M,2
1370,2021,12,007,2,M,4
1370,2021,12,007,5,M,1
1370,2021,12,007,6,M,1
1370,2021,12,008,2,F,3
1370,2021,12,008,2,M,4
1370,2021,12,008,4,M,2
1370,2021,12,008,5,F,1
1370,2021,12,008,6,M,1
1370,2021,12,009,2,F,9
1370,2021,12,009,2,M,3
1370,2021,12,009,4,M,1
1370,2021,12,009,5,F,1
1370,2021,12,009,5,M,1
1370,2021,12,009,6,M,3
1370,2021,12,010,2,F,4
1370,2021,12,010,2,M,1
1370,2021,12,010,3,F,1
1370,2021,12,010,4,M,1
1370,2021,12,010,5,F,2
1370,2021,12,010,5,M,1
1370,2021,12,010,6,M,1
1370,2021,12,011,2,F,5
1370,2021,12,011,2,M,11
1370,2021,12,011,4,M,4
1370,2021,12,011,5,M,2
1370,2021,12,012,2,M,1
1370,2021,12,013,2,F,9
1370,2021,12,013,2,M,3
1370,2021,12,013,4,M,1
1370,2021,12,013,5,M,2
1370,2021,12,014,2,F,13
1370,2021,12,014,2,M,2
1370,2021,12,014,4,F,1
1370,2021,12,014,4,M,1
1370,2021,12,015,2,F,3
1370,2021,12,015,2,M,4
1370,2021,12,016,2,F,2
1370,2021,12,016,2,M,1
1370,2021,12,017,5,M,2
1370,2022,06,001,2,F,26
1370,2022,06,001,2,M,8
1370,2022,06,001,3,F,1
1370,2022,06,001,3,M,5
1370,2022,06,001,4,F,1
1370,2022,06,001,4,M,1
1370,2022,06,001,5,M,4
1370,2022,06,001,6,M,2
1370,2022,06,002,2,F,21
1370,2022,06,002,2,M,16
1370,2022,06,002,3,F,2
1370,2022,06,002,3,M,1
1370,2022,06,002,4,F,1
1370,2022,06,002,4,M,3
1370,2022,06,002,5,F,2
1370,2022,06,002,5,M,6
1370,2022,06,002,6,M,6
1370,2022,06,002,7,M,1
1370,2022,06,003,2,F,2
1370,2022,06,003,3,M,1
1370,2022,06,003,5,M,1
1370,2022,06,003,6,M,1
1370,2022,06,004,2,F,4
1370,2022,06,004,2,M,1
1370,2022,06,005,2,F,3
1370,2022,06,005,2,M,2
1370,2022,06,005,5,M,3
1370,2022,06,005,6,M,1
1370,2022,06,006,2,F,2
1370,2022,06,006,2,M,2
1370,2022,06,006,5,M,1
1370,2022,06,007,2,F,1
1370,2022,06,007,5,M,1
1370,2022,06,008,2,F,2
1370,2022,06,008,2,M,2
1370,2022,06,008,3,F,1
1370,2022,06,009,2,F,10
1370,2022,06,009,2,M,14
1370,2022,06,009,3,M,1
1370,2022,06,009,5,F,3
1370,2022,06,009,5,M,1
1370,2022,06,009,6,F,1
1370,2022,06,010,2,F,1
1370,2022,06,010,2,M,4
1370,2022,06,010,4,F,1
1370,2022,06,010,4,M,1
1370,2022,06,010,5,F,1
1370,2022,06,010,5,M,2
1370,2022,06,011,2,F,6
1370,2022,06,011,2,M,4
1370,2022,06,011,4,F,1
1370,2022,06,011,6,M,1
1370,2022,06,012,2,F,2
1370,2022,06,012,2,M,1
1370,2022,06,013,2,F,2
1370,2022,06,013,2,M,3
1370,2022,06,013,3,M,1
1370,2022,06,013,4,F,2
1370,2022,06,013,4,M,1
1370,2022,06,013,5,M,1
1370,2022,06,014,2,F,5
1370,2022,06,014,2,M,3
1370,2022,06,014,4,F,1
1370,2022,06,014,4,M,1
1370,2022,06,015,2,F,5
1370,2022,06,015,2,M,1
1370,2022,06,015,3,F,1
1370,2022,06,015,3,M,1
1370,2022,06,015,4,F,1
1370,2022,06,015,6,M,1
1370,2022,06,016,2,F,1
1370,2022,06,016,2,M,1
1370,2022,06,016,4,F,1
1370,2022,06,016,4,M,1
1370,2022,06,017,2,F,1
1370,2022,06,017,3,F,1
1370,2022,06,017,5,M,1
1370,2022,09,001,2,F,35
1370,2022,09,001,2,M,22
1370,2022,09,001,3,F,4
1370,2022,09,001,3,M,6
1370,2022,09,001,4,F,3
1370,2022,09,001,4,M,5
1370,2022,09,001,5,F,2
1370,2022,09,001,5,M,1
1370,2022,09,001,6,M,1
1370,2022,09,002,2,F,28
1370,2022,09,002,2,M,21
1370,2022,09,002,3,F,5
1370,2022,09,002,3,M,3
1370,2022,09,002,4,F,5
1370,2022,09,002,4,M,6
1370,2022,09,002,5,F,1
1370,2022,09,002,5,M,9
1370,2022,09,002,6,M,6
1370,2022,09,003,2,F,3
1370,2022,09,003,2,M,1
1370,2022,09,003,3,F,2
1370,2022,09,003,3,M,1
1370,2022,09,003,4,F,3
1370,2022,09,003,4,M,2
1370,2022,09,003,5,M,2
1370,2022,09,004,2,F,9
1370,2022,09,004,2,M,3
1370,2022,09,004,5,M,1
1370,2022,09,004,6,M,1
1370,2022,09,005,2,F,1
1370,2022,09,005,2,M,1
1370,2022,09,005,3,M,1
1370,2022,09,005,4,F,1
1370,2022,09,005,5,M,2
1370,2022,09,005,6,M,2
1370,2022,09,006,2,F,3
1370,2022,09,006,2,M,1
1370,2022,09,006,3,F,2
1370,2022,09,006,3,M,1
1370,2022,09,006,4,F,1
1370,2022,09,006,4,M,2
1370,2022,09,007,2,F,3
1370,2022,09,007,2,M,4
1370,2022,09,007,4,M,1
1370,2022,09,007,5,F,1
1370,2022,09,007,6,M,1
1370,2022,09,008,2,F,6
1370,2022,09,008,2,M,11
1370,2022,09,008,4,M,1
1370,2022,09,008,5,M,4
1370,2022,09,008,6,M,1
1370,2022,09,009,2,F,9
1370,2022,09,009,2,M,15
1370,2022,09,009,3,F,1
1370,2022,09,009,3,M,2
1370,2022,09,009,4,F,1
1370,2022,09,009,4,M,1
1370,2022,09,009,5,M,1
1370,2022,09,010,2,F,9
1370,2022,09,010,2,M,6
1370,2022,09,010,4,F,2
1370,2022,09,010,4,M,1
1370,2022,09,010,5,M,1
1370,2022,09,010,6,F,1
1370,2022,09,011,2,F,5
1370,2022,09,011,2,M,7
1370,2022,09,011,3,M,1
1370,2022,09,011,4,M,4
1370,2022,09,011,5,M,2
1370,2022,09,011,6,M,2
1370,2022,09,012,4,M,1
1370,2022,09,012,5,F,1
1370,2022,09,013,2,F,7
1370,2022,09,013,2,M,4
1370,2022,09,013,3,F,2
1370,2022,09,013,5,F,1
1370,2022,09,013,5,M,5
1370,2022,09,013,6,M,1
1370,2022,09,014,2,F,4
1370,2022,09,014,2,M,5
1370,2022,09,014,4,M,1
1370,2022,09,014,5,M,1
1370,2022,09,015,2,F,10
1370,2022,09,015,2,M,7
1370,2022,09,015,4,M,2
1370,2022,09,015,5,F,1
1370,2022,09,016,2,F,1
1370,2022,09,016,2,M,1
1370,2022,09,016,4,F,1
1370,2022,09,016,5,M,1
1370,2022,09,016,6,M,1
1370,2022,09,017,2,M,1
1370,2022,09,017,3,F,1
1370,2022,09,017,7,M,1
1370,2022,12,001,2,F,21
1370,2022,12,001,2,M,10
1370,2022,12,001,3,F,3
1370,2022,12,001,3,M,3
1370,2022,12,001,4,F,1
1370,2022,12,001,4,M,4
1370,2022,12,001,5,F,2
1370,2022,12,001,5,M,2
1370,2022,12,002,2,F,24
1370,2022,12,002,2,M,14
1370,2022,12,002,3,F,3
1370,2022,12,002,3,M,7
1370,2022,12,002,4,F,3
1370,2022,12,002,4,M,4
1370,2022,12,002,5,F,1
1370,2022,12,002,5,M,5
1370,2022,12,002,6,M,2
1370,2022,12,003,2,F,2
1370,2022,12,003,2,M,4
1370,2022,12,003,3,F,2
1370,2022,12,003,3,M,1
1370,2022,12,003,5,M,4
1370,2022,12,004,2,F,6
1370,2022,12,004,2,M,6
1370,2022,12,005,2,F,5
1370,2022,12,005,2,M,4
1370,2022,12,005,3,F,1
1370,2022,12,005,3,M,1
1370,2022,12,005,4,M,1
1370,2022,12,005,6,M,1
1370,2022,12,006,2,F,4
1370,2022,12,006,2,M,2
1370,2022,12,006,3,M,1
1370,2022,12,006,5,M,1
1370,2022,12,007,2,F,1
1370,2022,12,007,2,M,2
1370,2022,12,007,3,F,1
1370,2022,12,007,5,M,2
1370,2022,12,008,2,F,4
1370,2022,12,008,2,M,2
1370,2022,12,008,3,F,1
1370,2022,12,008,3,M,1
1370,2022,12,009,2,F,15
1370,2022,12,009,2,M,2
1370,2022,12,009,4,F,1
1370,2022,12,009,5,M,1
1370,2022,12,010,2,F,2
1370,2022,12,010,2,M,2
1370,2022,12,010,4,F,2
1370,2022,12,011,2,F,8
1370,2022,12,011,2,M,8
1370,2022,12,011,4,M,1
1370,2022,12,011,5,F,1
1370,2022,12,012,2,F,5
1370,2022,12,012,3,M,1
1370,2022,12,012,4,F,1
1370,2022,12,013,2,F,7
1370,2022,12,013,2,M,1
1370,2022,12,013,4,F,1
1370,2022,12,013,4,M,1
1370,2022,12,013,5,M,3
1370,2022,12,014,2,F,2
1370,2022,12,014,2,M,4
1370,2022,12,014,3,F,1
1370,2022,12,015,2,F,10
1370,2022,12,015,2,M,2
1370,2022,12,015,3,M,1
1370,2022,12,015,5,M,1
1370,2022,12,016,3,F,2
1370,2022,12,016,3,M,2
1370,2022,12,017,2,F,1
1370,2022,12,017,4,M,1
1370,2022,12,017,5,M,1
1370,2023,06,001,2,F,20
1370,2023,06,001,2,M,16
1370,2023,06,001,3,F,5
1370,2023,06,001,3,M,3
1370,2023,06,001,4,F,1
1370,2023,06,001,4,M,5
1370,2023,06,001,5,F,1
1370,2023,06,001,5,M,2
1370,2023,06,001,6,M,2
1370,2023,06,002,2,F,30
1370,2023,06,002,2,M,13
1370,2023,06,002,3,F,7
1370,2023,06,002,3,M,4
1370,2023,06,002,4,F,1
1370,2023,06,002,4,M,6
1370,2023,06,002,5,F,2
1370,2023,06,002,5,M,5
1370,2023,06,002,6,M,6
1370,2023,06,003,2,F,3
1370,2023,06,003,2,M,4
1370,2023,06,003,5,M,2
1370,2023,06,003,6,M,2
1370,2023,06,004,2,F,1
1370,2023,06,004,2,M,5
1370,2023,06,004,4,F,1
1370,2023,06,004,4,M,1
1370,2023,06,004,5,M,2
1370,2023,06,005,2,M,1
1370,2023,06,005,3,F,3
1370,2023,06,005,4,M,2
1370,2023,06,005,5,M,1
1370,2023,06,005,6,M,1
1370,2023,06,005,7,M,1
1370,2023,06,006,2,F,2
1370,2023,06,006,2,M,2
1370,2023,06,006,3,M,1
1370,2023,06,006,4,F,1
1370,2023,06,006,5,M,2
1370,2023,06,007,2,M,1
1370,2023,06,007,3,M,1
1370,2023,06,007,4,M,1
1370,2023,06,008,2,F,5
1370,2023,06,008,2,M,5
1370,2023,06,008,3,F,1
1370,2023,06,008,5,F,2
1370,2023,06,008,6,M,4
1370,2023,06,009,2,F,12
1370,2023,06,009,2,M,11
1370,2023,06,009,3,F,2
1370,2023,06,009,3,M,2
1370,2023,06,009,4,M,2
1370,2023,06,009,5,F,1
1370,2023,06,009,5,M,2
1370,2023,06,010,2,F,4
1370,2023,06,010,2,M,3
1370,2023,06,010,3,M,1
1370,2023,06,010,6,M,1
1370,2023,06,011,2,F,2
1370,2023,06,011,2,M,1
1370,2023,06,011,4,M,3
1370,2023,06,011,5,M,5
1370,2023,06,012,2,M,2
1370,2023,06,012,5,M,1
1370,2023,06,013,2,F,7
1370,2023,06,013,2,M,3
1370,2023,06,013,3,F,1
1370,2023,06,013,3,M,2
1370,2023,06,013,4,F,1
1370,2023,06,013,6,M,2
1370,2023,06,014,2,F,8
1370,2023,06,014,2,M,3
1370,2023,06,014,5,F,2
1370,2023,06,014,6,M,2
1370,2023,06,015,2,F,6
1370,2023,06,015,2,M,3
1370,2023,06,015,5,F,1
1370,2023,06,015,6,M,1
1370,2023,06,017,2,F,1
1370,2023,06,017,2,M,1
1370,2023,06,017,5,F,1
1370,2023,09,001,2,F,14
1370,2023,09,001,2,M,7
1370,2023,09,001,3,F,2
1370,2023,09,001,3,M,2
1370,2023,09,001,4,F,2
1370,2023,09,001,4,M,1
1370,2023,09,001,5,F,1
1370,2023,09,001,5,M,2
1370,2023,09,001,6,M,3
1370,2023,09,002,2,F,15
1370,2023,09,002,2,M,6
1370,2023,09,002,3,F,1
1370,2023,09,002,4,F,2
1370,2023,09,002,4,M,3
1370,2023,09,002,5,F,3
1370,2023,09,002,5,M,6
1370,2023,09,002,6,M,4
1370,2023,09,003,2,F,2
1370,2023,09,003,3,F,1
1370,2023,09,003,4,M,1
1370,2023,09,003,5,F,1
1370,2023,09,003,5,M,1
1370,2023,09,003,6,F,1
1370,2023,09,004,2,F,4
1370,2023,09,004,2,M,2
1370,2023,09,004,4,F,1
1370,2023,09,004,4,M,1
1370,2023,09,004,5,M,1
1370,2023,09,004,6,M,1
1370,2023,09,005,2,F,3
1370,2023,09,005,2,M,2
1370,2023,09,006,2,F,7
1370,2023,09,006,2,M,1
1370,2023,09,006,5,M,1
1370,2023,09,007,2,M,1
1370,2023,09,007,3,F,1
1370,2023,09,007,3,M,1
1370,2023,09,007,4,F,1
1370,2023,09,007,4,M,1
1370,2023,09,007,6,M,1
1370,2023,09,008,2,F,1
1370,2023,09,008,2,M,7
1370,2023,09,008,6,M,1
1370,2023,09,008,7,M,1
1370,2023,09,009,2,F,12
1370,2023,09,009,2,M,1
1370,2023,09,009,3,M,3
1370,2023,09,009,4,F,1
1370,2023,09,009,5,M,3
1370,2023,09,009,6,M,1
1370,2023,09,010,2,F,3
1370,2023,09,010,2,M,2
1370,2023,09,010,3,F,1
1370,2023,09,010,3,M,1
1370,2023,09,010,5,F,1
1370,2023,09,011,2,F,4
1370,2023,09,011,2,M,6
1370,2023,09,011,4,F,2
1370,2023,09,011,4,M,1
1370,2023,09,011,5,F,2
1370,2023,09,011,5,M,2
1370,2023,09,011,6,M,1
1370,2023,09,012,4,F,1
1370,2023,09,012,5,M,1
1370,2023,09,013,2,F,7
1370,2023,09,013,2,M,2
1370,2023,09,013,4,M,1
1370,2023,09,013,5,F,1
1370,2023,09,013,5,M,1
1370,2023,09,013,6,M,1
1370,2023,09,014,2,F,3
1370,2023,09,014,2,M,2
1370,2023,09,014,3,F,1
1370,2023,09,014,4,F,1
1370,2023,09,014,7,M,1
1370,2023,09,015,2,F,3
1370,2023,09,015,3,M,2
1370,2023,09,015,4,F,1
1370,2023,09,015,4,M,1
1370,2023,09,015,5,M,1
1370,2023,09,015,6,M,1
1370,2023,09,016,2,M,2
1370,2023,09,017,2,M,1
1370,2023,12,001,2,F,10
1370,2023,12,001,2,M,3
1370,2023,12,001,3,F,2
1370,2023,12,001,3,M,1
1370,2023,12,001,4,F,1
1370,2023,12,001,4,M,2
1370,2023,12,001,5,F,1
1370,2023,12,001,5,M,1
1370,2023,12,001,6,M,1
1370,2023,12,002,2,F,14
1370,2023,12,002,2,M,7
1370,2023,12,002,3,F,1
1370,2023,12,002,3,M,3
1370,2023,12,002,4,F,3
1370,2023,12,002,4,M,5
1370,2023,12,002,5,F,2
1370,2023,12,002,5,M,7
1370,2023,12,002,6,M,4
1370,2023,12,003,2,F,1
1370,2023,12,003,3,M,1
1370,2023,12,003,5,M,1
1370,2023,12,004,2,F,2
1370,2023,12,004,2,M,1
1370,2023,12,004,3,M,1
1370,2023,12,004,5,F,1
1370,2023,12,004,5,M,1
1370,2023,12,005,2,F,2
1370,2023,12,005,2,M,1
1370,2023,12,005,3,F,1
1370,2023,12,006,2,F,3
1370,2023,12,006,3,F,1
1370,2023,12,006,4,M,1
1370,2023,12,006,6,M,1
1370,2023,12,007,2,M,1
1370,2023,12,008,2,F,2
1370,2023,12,008,2,M,1
1370,2023,12,008,3,F,1
1370,2023,12,008,4,F,1
1370,2023,12,008,5,F,1
1370,2023,12,008,6,M,1
1370,2023,12,009,2,F,9
1370,2023,12,009,2,M,1
1370,2023,12,009,3,F,1
1370,2023,12,009,4,F,2
1370,2023,12,009,4,M,2
1370,2023,12,010,2,F,2
1370,2023,12,010,2,M,1
1370,2023,12,011,2,F,8
1370,2023,12,011,2,M,2
1370,2023,12,011,5,M,2
1370,2023,12,012,2,F,1
1370,2023,12,012,6,M,1
1370,2023,12,013,2,F,5
1370,2023,12,013,2,M,3
1370,2023,12,013,3,M,1
1370,2023,12,013,4,M,3
1370,2023,12,013,6,M,1
1370,2023,12,014,2,F,4
1370,2023,12,014,2,M,2
1370,2023,12,014,3,F,1
1370,2023,12,014,3,M,2
1370,2023,12,015,2,F,4
1370,2023,12,015,2,M,1
1370,2023,12,015,6,M,1
1370,2023,12,016,2,F,1
1370,2023,12,016,2,M,2
1370,2023,12,016,4,F,2
1370,2023,12,017,4,F,1
1370,2023,12,017,5,M,1
2320,2013,05,001,2,F,5
2320,2013,05,001,3,F,1
2320,2013,05,001,3,M,3
2320,2013,05,001,4,F,2
2320,2013,05,001,5,M,4
2320,2013,05,001,6,M,1
2320,2013,05,002,2,F,5
2320,2013,05,002,2,M,6
2320,2013,05,002,3,F,1
2320,2013,05,002,3,M,3
2320,2013,05,002,4,M,1
2320,2013,05,002,5,M,5
2320,2013,05,002,6,M,2
2320,2013,05,003,2,F,2
2320,2013,05,003,2,M,2
2320,2013,05,003,3,F,2
2320,2013,05,003,3,M,1
2320,2013,05,003,4,M,1
2320,2013,05,003,5,M,3
2320,2013,05,004,5,M,1
2320,2013,05,004,6,M,1
2320,2013,05,005,2,M,2
2320,2013,05,005,3,F,1
2320,2013,05,005,3,M,1
2320,2013,05,006,2,F,1
2320,2013,05,006,2,M,1
2320,2013,05,007,2,F,2
2320,2013,05,007,2,M,1
2320,2013,05,007,3,M,1
2320,2013,05,008,2,F,1
2320,2013,05,008,2,M,3
2320,2013,05,008,3,F,2
2320,2013,05,008,5,M,1
2320,2013,05,009,2,F,3
2320,2013,05,009,2,M,1
2320,2013,05,009,3,M,2
2320,2013,05,009,4,M,3
2320,2013,05,009,5,M,2
2320,2013,05,009,6,M,1
2320,2013,05,010,2,F,2
2320,2013,05,010,2,M,2
2320,2013,05,010,3,F,1
2320,2013,05,010,3,M,1
2320,2013,05,010,4,M,2
2320,2013,05,010,5,F,1
2320,2013,05,010,5,M,1
2320,2013,05,010,6,M,1
2320,2013,05,011,2,F,2
2320,2013,05,011,2,M,3
2320,2013,05,011,3,F,1
2320,2013,05,011,3,M,1
2320,2013,05,011,4,M,1
2320,2013,05,011,5,M,1
2320,2013,05,012,5,M,1
2320,2013,05,013,2,F,1
2320,2013,05,013,2,M,2
2320,2013,05,013,4,M,1
2320,2013,05,014,2,F,1
2320,2013,05,014,4,F,2
2320,2013,05,014,5,M,1
2320,2013,05,015,2,F,1
2320,2013,05,015,2,M,1
2320,2013,05,015,4,M,2
2320,2013,05,016,2,M,1
2320,2013,08,001,2,F,4
2320,2013,08,001,2,M,6
2320,2013,08,001,3,F,2
2320,2013,08,001,3,M,1
2320,2013,08,001,4,M,3
2320,2013,08,001,5,F,1
2320,2013,08,001,5,M,2
2320,2013,08,001,6,M,2
2320,2013,08,002,2,F,10
2320,2013,08,002,2,M,5
2320,2013,08,002,3,F,3
2320,2013,08,002,3,M,4
2320,2013,08,002,4,F,2
2320,2013,08,002,4,M,7
2320,2013,08,002,5,M,4
2320,2013,08,002,6,M,2
2320,2013,08,003,2,F,1
2320,2013,08,003,4,M,1
2320,2013,08,003,5,M,1
2320,2013,08,003,6,F,1
2320,2013,08,003,7,M,1
2320,2013,08,004,2,M,1
2320,2013,08,004,3,F,1
2320,2013,08,004,3,M,2
2320,2013,08,004,5,M,2
2320,2013,08,005,2,F,1
2320,2013,08,005,2,M,1
2320,2013,08,005,4,F,1
2320,2013,08,006,2,F,3
2320,2013,08,006,2,M,1
2320,2013,08,006,3,M,1
2320,2013,08,006,4,M,1
2320,2013,08,006,5,M,1
2320,2013,08,007,2,F,2
2320,2013,08,007,3,F,1
2320,2013,08,007,4,F,1
2320,2013,08,007,4,M,1
2320,2013,08,007,5,M,3
2320,2013,08,008,2,F,1
2320,2013,08,008,2,M,2
2320,2013,08,008,3,F,2
2320,2013,08,008,4,M,1
2320,2013,08,008,5,M,4
2320,2013,08,009,2,F,5
2320,2013,08,009,2,M,4
2320,2013,08,009,3,F,1
2320,2013,08,009,3,M,1
2320,2013,08,009,4,F,2
2320,2013,08,009,4,M,2
2320,2013,08,009,5,M,1
2320,2013,08,009,6,M,1
2320,2013,08,010,2,M,3
2320,2013,08,010,3,F,2
2320,2013,08,010,4,F,1
2320,2013,08,010,4,M,2
2320,2013,08,010,5,M,3
2320,2013,08,011,2,F,1
2320,2013,08,011,2,M,6
2320,2013,08,011,3,M,1
2320,2013,08,011,4,F,3
2320,2013,08,011,4,M,3
2320,2013,08,011,5,M,2
2320,2013,08,012,2,F,1
2320,2013,08,012,5,M,1
2320,2013,08,013,2,F,3
2320,2013,08,013,2,M,11
2320,2013,08,013,3,F,2
2320,2013,08,013,3,M,1
2320,2013,08,013,4,M,2
2320,2013,08,013,5,M,1
2320,2013,08,013,6,M,1
2320,2013,08,014,2,F,1
2320,2013,08,014,2,M,2
2320,2013,08,014,3,F,1
2320,2013,08,014,4,F,1
2320,2013,08,014,5,M,3
2320,2013,08,015,2,F,2
2320,2013,08,015,2,M,2
2320,2013,08,015,3,F,1
2320,2013,08,015,4,F,1
2320,2013,08,016,3,M,1
2320,2013,08,016,4,M,1
2320,2013,08,017,2,F,1
2320,2013,08,017,2,M,1
2320,2013,08,017,5,M,1
2320,2013,12,001,2,F,5
2320,2013,12,001,2,M,9
2320,2013,12,001,3,M,2
2320,2013,12,001,4,F,1
2320,2013,12,001,5,M,1
2320,2013,12,002,2,F,4
2320,2013,12,002,2,M,7
2320,2013,12,002,3,M,2
2320,2013,12,002,4,F,1
2320,2013,12,002,4,M,2
2320,2013,12,002,5,M,1
2320,2013,12,003,2,F,1
2320,2013,12,003,2,M,1
2320,2013,12,003,3,M,1
2320,2013,12,003,4,F,1
2320,2013,12,003,5,M,1
2320,2013,12,004,2,M,1
2320,2013,12,004,4,M,1
2320,2013,12,005,4,F,1
2320,2013,12,006,2,F,1
2320,2013,12,007,2,F,1
2320,2013,12,007,3,M,1
2320,2013,12,007,4,F,1
2320,2013,12,007,5,M,1
2320,2013,12,008,2,F,1
2320,2013,12,008,2,M,1
2320,2013,12,008,3,F,1
2320,2013,12,008,5,F,1
2320,2013,12,009,2,F,1
2320,2013,12,009,2,M,1
2320,2013,12,009,4,F,1
2320,2013,12,009,5,M,1
2320,2013,12,009,6,M,1
2320,2013,12,010,3,F,2
2320,2013,12,010,4,F,2
2320,2013,12,011,2,F,2
2320,2013,12,011,2,M,3
2320,2013,12,011,3,F,1
2320,2013,12,011,4,F,1
2320,2013,12,011,5,M,1
2320,2013,12,011,6,M,1
2320,2013,12,013,2,F,3
2320,2013,12,013,2,M,2
2320,2013,12,013,5,M,1
2320,2013,12,014,2,F,1
2320,2013,12,014,3,F,2
2320,2013,12,014,3,M,2
2320,2013,12,015,2,F,1
2320,2013,12,015,3,M,1
2320,2013,12,015,4,F,1
2320,2013,12,017,3,M,1
2320,2013,12,017,4,M,1
2320,2014,05,001,2,F,8
2320,2014,05,001,2,M,8
2320,2014,05,001,3,M,1
2320,2014,05,001,4,F,2
2320,2014,05,001,4,M,2
2320,2014,05,001,5,F,2
2320,2014,05,001,5,M,3
2320,2014,05,001,6,M,1
2320,2014,05,002,2,F,14
2320,2014,05,002,2,M,10
2320,2014,05,002,3,F,4
2320,2014,05,002,3,M,11
2320,2014,05,002,4,F,1
2320,2014,05,002,4,M,5
2320,2014,05,002,5,F,1
2320,2014,05,002,5,M,10
2320,2014,05,002,6,F,1
2320,2014,05,002,6,M,2
2320,2014,05,003,2,F,2
2320,2014,05,003,2,M,3
2320,2014,05,003,5,M,1
2320,2014,05,003,6,M,1
2320,2014,05,004,2,M,1
2320,2014,05,004,3,M,1
2320,2014,05,004,4,F,1
2320,2014,05,004,4,M,2
2320,2014,05,005,2,F,1
2320,2014,05,005,2,M,1
2320,2014,05,005,6,M,1
2320,2014,05,006,2,F,1
2320,2014,05,006,2,M,3
2320,2014,05,006,3,M,2
2320,2014,05,006,5,M,2
2320,2014,05,006,6,M,1
2320,2014,05,007,2,M,1
2320,2014,05,007,3,F,1
2320,2014,05,007,3,M,1
2320,2014,05,007,4,F,1
2320,2014,05,007,4,M,1
2320,2014,05,008,2,M,4
2320,2014,05,008,3,F,1
2320,2014,05,008,4,F,1
2320,2014,05,008,4,M,1
2320,2014,05,008,5,M,1
2320,2014,05,008,6,M,1
2320,2014,05,009,2,F,3
2320,2014,05,009,3,M,1
2320,2014,05,009,4,F,3
2320,2014,05,009,5,F,1
2320,2014,05,009,6,M,2
2320,2014,05,010,2,M,4
2320,2014,05,010,4,F,3
2320,2014,05,010,4,M,1
2320,2014,05,010,5,F,1
2320,2014,05,011,2,F,5
2320,2014,05,011,2,M,3
2320,2014,05,011,4,F,2
2320,2014,05,011,4,M,2
2320,2014,05,011,5,M,3
2320,2014,05,013,2,F,2
2320,2014,05,013,2,M,4
2320,2014,05,013,3,F,1
2320,2014,05,013,4,F,2
2320,2014,05,013,4,M,1
2320,2014,05,013,6,M,1
2320,2014,05,014,2,F,1
2320,2014,05,014,2,M,2
2320,2014,05,014,3,F,1
2320,2014,05,014,3,M,1
2320,2014,05,014,4,F,1
2320,2014,05,014,4,M,2
2320,2014,05,014,5,M,1
2320,2014,05,014,6,M,1
2320,2014,05,015,2,M,1
2320,2014,05,015,4,F,1
2320,2014,05,016,2,F,1
2320,2014,05,016,4,M,1
2320,2014,05,016,5,F,1
2320,2014,05,017,3,F,1
2320,2014,05,017,3,M,2
2320,2014,08,001,2,F,1
2320,2014,08,002,2,F,4
2320,2014,08,002,2,M,2
2320,2014,08,002,3,F,1
2320,2014,08,002,3,M,1
2320,2014,08,002,5,M,1
2320,2014,08,002,6,M,1
2320,2014,08,003,2,F,1
2320,2014,08,003,5,F,1
2320,2014,08,003,5,M,1
2320,2014,08,005,2,F,1
2320,2014,08,005,2,M,1
2320,2014,08,005,4,M,1
2320,2014,08,005,5,F,1
2320,2014,08,006,3,M,1
2320,2014,08,007,4,M,1
2320,2014,08,008,2,M,2
2320,2014,08,008,3,M,1
2320,2014,08,008,4,M,1
2320,2014,08,008,5,F,1
2320,2014,08,009,2,F,1
2320,2014,08,009,2,M,1
2320,2014,08,009,3,M,1
2320,2014,08,009,4,M,1
2320,2014,08,010,2,F,1
2320,2014,08,010,2,M,1
2320,2014,08,011,3,F,1
2320,2014,08,013,2,F,1
2320,2014,08,013,2,M,1
2320,2014,08,013,3,F,1
2320,2014,08,014,2,F,1
2320,2014,08,014,2,M,3
2320,2014,08,014,4,M,1
2320,2014,08,015,4,F,1
2320,2014,08,016,4,M,1
2320,2014,12,001,2,F,6
2320,2014,12,001,2,M,11
2320,2014,12,001,3,M,3
2320,2014,12,001,4,M,3
2320,2014,12,001,5,M,4
2320,2014,12,002,2,F,16
2320,2014,12,002,2,M,14
2320,2014,12,002,3,F,1
2320,2014,12,002,3,M,3
2320,2014,12,002,4,F,4
2320,2014,12,002,4,M,8
2320,2014,12,002,5,F,1
2320,2014,12,002,5,M,11
2320,2014,12,002,6,M,1
2320,2014,12,003,2,F,5
2320,2014,12,003,2,M,2
2320,2014,12,003,4,M,1
2320,2014,12,003,5,F,1
2320,2014,12,004,2,F,1
2320,2014,12,004,2,M,4
2320,2014,12,004,3,F,1
2320,2014,12,004,3,M,1
2320,2014,12,004,4,F,1
2320,2014,12,004,5,M,1
2320,2014,12,004,6,M,1
2320,2014,12,005,2,F,2
2320,2014,12,005,2,M,1
2320,2014,12,005,4,F,1
2320,2014,12,006,2,F,3
2320,2014,12,006,2,M,3
2320,2014,12,006,3,M,3
2320,2014,12,006,4,F,1
2320,2014,12,006,4,M,2
2320,2014,12,006,5,M,1
2320,2014,12,006,6,M,1
2320,2014,12,007,2,F,2
2320,2014,12,007,3,F,3
2320,2014,12,007,3,M,2
2320,2014,12,007,4,M,3
2320,2014,12,007,5,M,1
2320,2014,12,008,2,F,2
2320,2014,12,008,2,M,4
2320,2014,12,008,3,M,1
2320,2014,12,008,4,M,2
2320,2014,12,008,5,M,1
2320,2014,12,008,6,M,1
2320,2014,12,009,2,F,4
2320,2014,12,009,2,M,4
2320,2014,12,009,3,F,2
2320,2014,12,009,3,M,2
2320,2014,12,009,4,F,1
2320,2014,12,009,5,M,2
2320,2014,12,010,2,F,5
2320,2014,12,010,2,M,4
2320,2014,12,010,3,F,1
2320,2014,12,010,3,M,2
2320,2014,12,010,5,M,2
2320,2014,12,010,6,M,1
2320,2014,12,011,2,F,4
2320,2014,12,011,2,M,2
2320,2014,12,011,4,F,3
2320,2014,12,011,4,M,2
2320,2014,12,011,5,M,1
2320,2014,12,012,2,M,1
2320,2014,12,013,2,F,8
2320,2014,12,013,2,M,3
2320,2014,12,013,3,F,1
2320,2014,12,013,4,M,2
2320,2014,12,013,5,M,2
2320,2014,12,014,2,F,4
2320,2014,12,014,2,M,2
2320,2014,12,014,3,F,2
2320,2014,12,014,3,M,2
2320,2014,12,014,4,F,3
2320,2014,12,014,4,M,1
2320,2014,12,014,5,M,1
2320,2014,12,014,6,F,1
2320,2014,12,014,6,M,1
2320,2014,12,015,2,F,1
2320,2014,12,015,2,M,2
2320,2014,12,015,4,F,1
2320,2014,12,015,5,M,1
2320,2014,12,016,2,F,1
2320,2014,12,016,3,F,1
2320,2014,12,016,3,M,1
2320,2014,12,017,2,M,1
2320,2014,12,017,4,M,1
2320,2015,05,001,2,F,1
2320,2015,05,001,3,F,1
2320,2015,05,002,2,F,3
2320,2015,05,002,2,M,2
2320,2015,05,002,3,M,1
2320,2015,05,002,5,M,1
2320,2015,05,003,3,M,1
2320,2015,05,007,2,M,1
2320,2015,05,010,4,F,1
2320,2015,05,010,5,M,1
2320,2015,05,011,2,F,1
2320,2015,05,011,2,M,1
2320,2015,05,012,2,M,1
2320,2015,05,013,2,F,2
2320,2015,05,013,3,M,1
2320,2015,05,013,4,M,1
2320,2015,05,017,2,F,1
2320,2015,08,001,2,F,4
2320,2015,08,001,2,M,4
2320,2015,08,001,3,F,1
2320,2015,08,001,3,M,2
2320,2015,08,001,4,F,2
2320,2015,08,001,4,M,3
2320,2015,08,001,5,F,1
2320,2015,08,001,5,M,1
2320,2015,08,001,6,M,1
2320,2015,08,002,2,F,10
2320,2015,08,002,2,M,16
2320,2015,08,002,3,M,6
2320,2015,08,002,5,F,1
2320,2015,08,002,5,M,2
2320,2015,08,002,6,M,1
2320,2015,08,003,2,M,1
2320,2015,08,003,5,M,1
2320,2015,08,004,3,M,1
2320,2015,08,004,4,M,2
2320,2015,08,005,2,M,2
2320,2015,08,005,6,M,1
2320,2015,08,006,2,M,2
2320,2015,08,007,2,F,1
2320,2015,08,007,4,F,1
2320,2015,08,007,5,M,1
2320,2015,08,008,2,M,1
2320,2015,08,009,2,F,3
2320,2015,08,009,2,M,1
2320,2015,08,009,3,F,2
2320,2015,08,009,3,M,1
2320,2015,08,009,4,F,3
2320,2015,08,009,5,M,1
2320,2015,08,009,6,M,1
2320,2015,08,010,2,M,1
2320,2015,08,010,4,M,1
2320,2015,08,010,5,M,1
2320,2015,08,010,6,M,1
2320,2015,08,011,2,F,4
2320,2015,08,011,2,M,4
2320,2015,08,011,3,M,1
2320,2015,08,011,5,M,1
2320,2015,08,012,3,F,1
2320,2015,08,012,5,M,2
2320,2015,08,013,2,M,1
2320,2015,08,013,3,F,1
2320,2015,08,013,3,M,1
2320,2015,08,013,4,M,2
2320,2015,08,013,6,M,1
2320,2015,08,014,2,F,1
2320,2015,08,014,2,M,1
2320,2015,08,014,4,F,2
2320,2015,08,014,4,M,1
2320,2015,08,015,2,F,2
2320,2015,08,015,2,M,3
2320,2015,08,015,5,M,1
2320,2015,08,017,3,F,1
2320,2015,08,017,4,M,2
2320,2015,08,017,5,M,1
2320,2015,12,001,2,F,3
2320,2015,12,001,3,F,2
2320,2015,12,001,4,M,1
2320,2015,12,001,5,F,1
2320,2015,12,001,5,M,2
2320,2015,12,002,2,F,4
2320,2015,12,002,2,M,2
2320,2015,12,002,3,M,2
2320,2015,12,002,4,M,1
2320,2015,12,002,5,F,1
2320,2015,12,002,6,M,1
2320,2015,12,004,2,F,1
2320,2015,12,004,2,M,1
2320,2015,12,005,2,M,1
2320,2015,12,007,3,F,1
2320,2015,12,008,2,F,1
2320,2015,12,008,2,M,3
2320,2015,12,008,5,M,1
2320,2015,12,009,2,F,1
2320,2015,12,009,2,M,2
2320,2015,12,009,3,M,1
2320,2015,12,009,4,M,1
2320,2015,12,010,2,M,2
2320,2015,12,011,2,M,2
2320,2015,12,013,2,F,1
2320,2015,12,013,2,M,3
2320,2015,12,013,3,M,1
2320,2015,12,013,4,F,1
2320,2015,12,013,6,M,1
2320,2015,12,014,2,M,1
2320,2015,12,014,3,M,1
2320,2015,12,015,4,F,1
2320,2016,05,001,2,F,5
2320,2016,05,001,2,M,2
2320,2016,05,001,3,F,1
2320,2016,05,001,3,M,1
2320,2016,05,001,4,M,1
2320,2016,05,001,5,M,3
2320,2016,05,001,6,M,1
2320,2016,05,002,2,F,9
2320,2016,05,002,2,M,13
2320,2016,05,002,3,F,1
2320,2016,05,002,3,M,1
2320,2016,05,002,4,F,3
2320,2016,05,002,5,F,1
2320,2016,05,002,5,M,3
2320,2016,05,002,6,M,2
2320,2016,05,003,2,M,1
2320,2016,05,003,5,M,1
2320,2016,05,004,3,M,1
2320,2016,05,004,4,M,1
2320,2016,05,004,6,M,1
2320,2016,05,005,5,M,1
2320,2016,05,005,6,M,2
2320,2016,05,006,3,M,1
2320,2016,05,006,4,M,1
2320,2016,05,007,3,F,1
2320,2016,05,007,3,M,1
2320,2016,05,007,6,M,1
2320,2016,05,008,2,F,1
2320,2016,05,008,2,M,1
2320,2016,05,008,3,M,1
2320,2016,05,009,2,M,1
2320,2016,05,009,4,F,1
2320,2016,05,009,4,M,1
2320,2016,05,010,2,F,2
2320,2016,05,010,3,M,1
2320,2016,05,011,2,F,4
2320,2016,05,011,2,M,2
2320,2016,05,011,4,F,1
2320,2016,05,011,4,M,2
2320,2016,05,011,5,M,2
2320,2016,05,012,2,M,1
2320,2016,05,012,3,M,1
2320,2016,05,013,2,F,3
2320,2016,05,013,2,M,3
2320,2016,05,013,3,F,1
2320,2016,05,013,3,M,1
2320,2016,05,013,5,M,2
2320,2016,05,013,6,M,1
2320,2016,05,014,2,F,2
2320,2016,05,014,2,M,1
2320,2016,05,017,2,M,1
2320,2016,08,001,2,F,2
2320,2016,08,001,2,M,1
2320,2016,08,001,3,F,2
2320,2016,08,001,5,M,1
2320,2016,08,002,2,F,2
2320,2016,08,002,2,M,3
2320,2016,08,002,4,M,1
2320,2016,08,002,5,M,1
2320,2016,08,003,2,M,1
2320,2016,08,003,3,F,1
2320,2016,08,003,4,M,1
2320,2016,08,004,4,F,1
2320,2016,08,004,5,M,1
2320,2016,08,006,2,F,1
2320,2016,08,006,3,M,1
2320,2016,08,007,2,F,1
2320,2016,08,007,2,M,2
2320,2016,08,008,2,F,1
2320,2016,08,008,2,M,2
2320,2016,08,008,5,M,1
2320,2016,08,009,2,F,1
2320,2016,08,009,5,F,1
2320,2016,08,009,6,M,2
2320,2016,08,011,2,M,2
2320,2016,08,011,3,M,1
2320,2016,08,013,2,F,1
2320,2016,08,013,2,M,1
2320,2016,08,013,5,M,1
2320,2016,08,014,2,F,2
2320,2016,08,014,3,M,1
2320,2016,08,014,4,F,1
2320,2016,08,015,2,F,1
2320,2016,08,016,2,F,1
2320,2016,12,001,2,F,3
2320,2016,12,001,2,M,5
2320,2016,12,001,3,F,1
2320,2016,12,001,3,M,2
2320,2016,12,001,4,F,1
2320,2016,12,001,4,M,1
2320,2016,12,001,5,M,1
2320,2016,12,002,2,F,6
2320,2016,12,002,2,M,6
2320,2016,12,002,3,F,1
2320,2016,12,002,3,M,1
2320,2016,12,002,4,F,1
2320,2016,12,002,5,F,1
2320,2016,12,002,5,M,2
2320,2016,12,003,2,F,1
2320,2016,12,003,2,M,1
2320,2016,12,003,5,M,2
2320,2016,12,003,6,M,1
2320,2016,12,004,2,F,1
2320,2016,12,004,2,M,1
2320,2016,12,004,3,M,1
2320,2016,12,004,5,M,1
2320,2016,12,004,6,M,1
2320,2016,12,005,2,M,1
2320,2016,12,006,2,F,1
2320,2016,12,006,2,M,1
2320,2016,12,007,2,F,1
2320,2016,12,007,2,M,1
2320,2016,12,008,2,F,3
2320,2016,12,008,3,F,1
2320,2016,12,008,3,M,1
2320,2016,12,008,5,M,1
2320,2016,12,009,2,F,1
2320,2016,12,009,2,M,2
2320,2016,12,009,3,F,1
2320,2016,12,009,4,F,2
2320,2016,12,010,5,M,1
2320,2016,12,011,2,F,2
2320,2016,12,011,2,M,2
2320,2016,12,011,3,F,1
2320,2016,12,013,2,F,3
2320,2016,12,013,2,M,1
2320,2016,12,013,3,M,1
2320,2016,12,013,4,M,1
2320,2016,12,013,6,M,1
2320,2016,12,014,2,F,1
2320,2016,12,014,6,M,1
2320,2016,12,015,2,F,1
2320,2016,12,015,3,F,1
2320,2016,12,015,4,M,2
2320,2016,12,016,4,M,1
2320,2017,05,001,2,F,6
2320,2017,05,001,2,M,3
2320,2017,05,001,3,F,2
2320,2017,05,001,3,M,2
2320,2017,05,001,4,M,1
2320,2017,05,001,5,M,5
2320,2017,05,001,6,M,1
2320,2017,05,002,2,F,10
2320,2017,05,002,2,M,6
2320,2017,05,002,3,M,3
2320,2017,05,002,4,F,3
2320,2017,05,002,4,M,3
2320,2017,05,002,5,F,2
2320,2017,05,002,5,M,2
2320,2017,05,002,6,M,2
2320,2017,05,003,2,F,2
2320,2017,05,003,2,M,4
2320,2017,05,003,4,F,1
2320,2017,05,003,6,M,1
2320,2017,05,004,2,M,3
2320,2017,05,005,2,F,1
2320,2017,05,005,4,M,1
2320,2017,05,006,2,M,1
2320,2017,05,006,3,M,1
2320,2017,05,006,5,M,2
2320,2017,05,007,2,M,3
2320,2017,05,007,5,M,1
2320,2017,05,008,2,M,3
2320,2017,05,008,3,M,1
2320,2017,05,008,4,F,1
2320,2017,05,008,4,M,1
2320,2017,05,008,6,M,1
2320,2017,05,009,2,F,2
2320,2017,05,009,2,M,3
2320,2017,05,009,3,M,1
2320,2017,05,009,4,F,1
2320,2017,05,009,5,M,3
2320,2017,05,009,6,M,1
2320,2017,05,010,2,F,3
2320,2017,05,011,2,F,1
2320,2017,05,011,2,M,5
2320,2017,05,011,4,F,1
2320,2017,05,011,5,M,1
2320,2017,05,012,2,M,1
2320,2017,05,013,2,F,2
2320,2017,05,013,2,M,2
2320,2017,05,013,5,M,1
2320,2017,05,013,6,M,1
2320,2017,05,014,2,M,1
2320,2017,05,015,2,F,1
2320,2017,05,015,2,M,1
2320,2017,05,015,4,F,1
2320,2017,05,015,4,M,1
2320,2017,05,016,2,F,2
2320,2017,05,017,3,F,1
2320,2017,08,001,2,M,1
2320,2017,08,001,3,M,1
2320,2017,08,001,4,M,1
2320,2017,08,001,5,F,1
2320,2017,08,001,6,M,1
2320,2017,08,002,2,F,2
2320,2017,08,002,2,M,3
2320,2017,08,002,3,M,1
2320,2017,08,002,5,F,1
2320,2017,08,003,2,M,1
2320,2017,08,003,5,M,2
2320,2017,08,004,2,F,1
2320,2017,08,004,2,M,1
2320,2017,08,004,4,M,1
2320,2017,08,005,4,M,1
2320,2017,08,006,2,F,1
2320,2017,08,006,2,M,1
2320,2017,08,008,2,M,2
2320,2017,08,009,2,M,1
2320,2017,08,009,3,M,1
2320,2017,08,010,2,F,1
2320,2017,08,010,4,M,1
2320,2017,08,011,2,F,1
2320,2017,08,011,2,M,1
2320,2017,08,012,2,M,1
2320,2017,12,001,2,F,5
2320,2017,12,001,2,M,1
2320,2017,12,001,3,M,1
2320,2017,12,001,4,M,1
2320,2017,12,001,5,M,1
2320,2017,12,001,6,M,1
2320,2017,12,002,2,F,3
2320,2017,12,002,2,M,3
2320,2017,12,002,3,F,2
2320,2017,12,002,4,F,1
2320,2017,12,002,4,M,1
2320,2017,12,002,5,M,2
2320,2017,12,003,3,F,1
2320,2017,12,007,4,M,1
2320,2017,12,007,6,M,1
2320,2017,12,008,3,F,1
2320,2017,12,008,3,M,1
2320,2017,12,008,4,F,1
2320,2017,12,008,4,M,2
2320,2017,12,009,2,M,1
2320,2017,12,009,4,F,1
2320,2017,12,010,2,F,1
2320,2017,12,011,2,M,1
2320,2017,12,011,4,M,1
2320,2017,12,011,5,M,1
2320,2017,12,012,2,M,1
2320,2017,12,012,5,M,1
2320,2017,12,013,4,M,1
2320,2017,12,014,2,F,1
2320,2017,12,015,2,F,2
2320,2017,12,015,2,M,1
2320,2017,12,015,4,M,1
2320,2017,12,015,5,M,1
2320,2017,12,017,5,M,1
2320,2018,05,001,2,F,3
2320,2018,05,001,2,M,7
2320,2018,05,001,3,M,1
2320,2018,05,001,4,M,1
2320,2018,05,001,5,M,2
2320,2018,05,001,6,M,1
2320,2018,05,002,2,F,6
2320,2018,05,002,2,M,7
2320,2018,05,002,3,M,1
2320,2018,05,002,4,F,2
2320,2018,05,002,4,M,3
2320,2018,05,002,5,M,5
2320,2018,05,002,6,M,2
2320,2018,05,003,2,M,1
2320,2018,05,003,4,F,1
2320,2018,05,003,5,M,1
2320,2018,05,004,2,F,1
2320,2018,05,004,2,M,3
2320,2018,05,004,3,M,1
2320,2018,05,004,4,M,1
2320,2018,05,004,5,M,1
2320,2018,05,005,4,M,1
2320,2018,05,005,5,M,1
2320,2018,05,006,4,M,1
2320,2018,05,007,2,F,1
2320,2018,05,007,2,M,2
2320,2018,05,008,2,F,4
2320,2018,05,008,2,M,1
2320,2018,05,008,4,F,1
2320,2018,05,008,4,M,3
2320,2018,05,008,5,F,1
2320,2018,05,009,2,F,1
2320,2018,05,009,2,M,2
2320,2018,05,009,3,M,1
2320,2018,05,009,4,F,1
2320,2018,05,009,4,M,1
2320,2018,05,009,5,M,3
2320,2018,05,009,6,M,1
2320,2018,05,010,2,M,1
2320,2018,05,010,3,M,1
2320,2018,05,010,4,M,1
2320,2018,05,010,5,M,3
2320,2018,05,010,6,M,1
2320,2018,05,011,2,F,1
2320,2018,05,011,2,M,3
2320,2018,05,011,4,F,2
2320,2018,05,011,4,M,1
2320,2018,05,013,2,F,1
2320,2018,05,013,4,M,2
2320,2018,05,013,5,M,1
2320,2018,05,014,2,F,1
2320,2018,05,014,6,M,1
2320,2018,05,015,2,M,2
2320,2018,05,015,4,F,1
2320,2018,08,001,2,F,6
2320,2018,08,001,2,M,5
2320,2018,08,001,4,M,2
2320,2018,08,001,5,M,1
2320,2018,08,002,2,F,1
2320,2018,08,002,2,M,5
2320,2018,08,002,3,F,1
2320,2018,08,002,3,M,1
2320,2018,08,002,4,F,1
2320,2018,08,002,5,M,4
2320,2018,08,002,6,F,1
2320,2018,08,003,2,M,2
2320,2018,08,004,5,M,1
2320,2018,08,007,4,M,1
2320,2018,08,008,6,M,1
2320,2018,08,009,2,F,1
2320,2018,08,010,2,M,1
2320,2018,08,010,4,M,1
2320,2018,08,011,2,F,1
2320,2018,08,011,2,M,1
2320,2018,08,011,3,M,1
2320,2018,08,011,5,F,1
2320,2018,08,011,5,M,1
2320,2018,08,012,3,F,1
2320,2018,08,013,2,F,1
2320,2018,08,013,2,M,1
2320,2018,08,013,5,M,1
2320,2018,08,013,6,M,1
2320,2018,08,015,4,F,1
2320,2018,08,016,2,M,1
2320,2018,08,016,5,M,1
2320,2018,08,017,2,F,2
2320,2018,08,017,2,M,1
2320,2018,12,001,2,F,3
2320,2018,12,001,2,M,1
2320,2018,12,001,3,M,1
2320,2018,12,001,4,M,1
2320,2018,12,001,5,F,1
2320,2018,12,001,5,M,1
2320,2018,12,001,6,M,1
2320,2018,12,002,2,F,7
2320,2018,12,002,2,M,9
2320,2018,12,002,3,F,1
2320,2018,12,002,3,M,1
2320,2018,12,002,4,M,2
2320,2018,12,002,5,F,2
2320,2018,12,002,5,M,4
2320,2018,12,002,6,M,1
2320,2018,12,003,2,F,1
2320,2018,12,003,5,M,1
2320,2018,12,003,6,M,1
2320,2018,12,004,2,M,2
2320,2018,12,005,3,F,1
2320,2018,12,005,4,M,1
2320,2018,12,005,7,M,1
2320,2018,12,006,2,F,1
2320,2018,12,006,2,M,2
2320,2018,12,006,3,M,2
2320,2018,12,006,4,M,2
2320,2018,12,006,5,M,2
2320,2018,12,007,2,M,1
2320,2018,12,008,2,M,2
2320,2018,12,008,4,F,2
2320,2018,12,008,5,M,1
2320,2018,12,009,4,M,2
2320,2018,12,009,5,F,1
2320,2018,12,010,2,F,1
2320,2018,12,010,4,F,1
2320,2018,12,010,5,M,1
2320,2018,12,010,6,M,1
2320,2018,12,011,2,F,3
2320,2018,12,011,2,M,1
2320,2018,12,011,3,F,2
2320,2018,12,011,4,F,1
2320,2018,12,011,6,F,1
2320,2018,12,011,6,M,1
2320,2018,12,013,2,M,2
2320,2018,12,013,4,M,2
2320,2018,12,013,5,F,1
2320,2018,12,013,6,M,5
2320,2018,12,014,2,M,1
2320,2018,12,015,2,F,1
2320,2018,12,015,2,M,2
2320,2018,12,015,4,M,2
2320,2018,12,015,5,F,1
2320,2018,12,016,2,M,1
2320,2018,12,016,5,M,1
2320,2018,12,017,3,M,1
2320,2019,05,001,2,F,1
2320,2019,05,001,3,F,1
2320,2019,05,001,4,M,1
2320,2019,05,001,5,M,1
2320,2019,05,001,6,M,1
2320,2019,05,002,2,F,2
2320,2019,05,002,2,M,1
2320,2019,05,002,4,M,2
2320,2019,05,002,5,F,1
2320,2019,05,002,5,M,6
2320,2019,05,003,2,M,1
2320,2019,05,003,5,M,1
2320,2019,05,003,6,M,2
2320,2019,05,004,3,F,1
2320,2019,05,004,3,M,1
2320,2019,05,005,2,F,1
2320,2019,05,005,2,M,1
2320,2019,05,005,4,M,1
2320,2019,05,005,5,M,1
2320,2019,05,005,6,M,1
2320,2019,05,006,2,M,1
2320,2019,05,007,2,M,1
2320,2019,05,007,3,M,1
2320,2019,05,007,4,F,1
2320,2019,05,009,4,F,2
2320,2019,05,009,4,M,1
2320,2019,05,009,5,F,1
2320,2019,05,009,6,F,1
2320,2019,05,009,6,M,1
2320,2019,05,010,4,F,2
2320,2019,05,010,5,F,1
2320,2019,05,011,2,M,3
2320,2019,05,011,4,M,1
2320,2019,05,013,2,F,3
2320,2019,05,013,2,M,2
2320,2019,05,013,3,M,1
2320,2019,05,013,4,F,1
2320,2019,05,013,4,M,1
2320,2019,05,013,5,M,1
2320,2019,05,013,6,M,1
2320,2019,05,017,5,M,2
2320,2019,08,001,2,F,3
2320,2019,08,001,2,M,1
2320,2019,08,001,3,F,1
2320,2019,08,001,3,M,2
2320,2019,08,001,4,F,1
2320,2019,08,001,5,M,4
2320,2019,08,002,2,F,5
2320,2019,08,002,2,M,2
2320,2019,08,002,3,F,1
2320,2019,08,002,3,M,2
2320,2019,08,002,4,F,2
2320,2019,08,002,5,M,4
2320,2019,08,002,6,M,1
2320,2019,08,003,5,F,1
2320,2019,08,004,2,M,1
2320,2019,08,004,4,F,1
2320,2019,08,004,4,M,1
2320,2019,08,005,4,F,1
2320,2019,08,006,4,F,2
2320,2019,08,007,2,F,1
2320,2019,08,007,2,M,1
2320,2019,08,007,3,M,1
2320,2019,08,007,6,M,1
2320,2019,08,008,2,M,1
2320,2019,08,008,3,M,1
2320,2019,08,008,5,M,1
2320,2019,08,009,2,M,1
2320,2019,08,009,4,F,1
2320,2019,08,009,5,F,1
2320,2019,08,009,5,M,1
2320,2019,08,010,2,F,1
2320,2019,08,011,2,M,1
2320,2019,08,011,3,M,1
2320,2019,08,012,2,M,1
2320,2019,08,012,3,F,1
2320,2019,08,013,2,F,2
2320,2019,08,013,2,M,2
2320,2019,08,013,3,M,1
2320,2019,08,013,4,M,1
2320,2019,08,013,5,M,4
2320,2019,08,014,2,F,2
2320,2019,08,014,2,M,2
2320,2019,08,015,2,M,1
2320,2019,08,017,2,F,1
2320,2019,12,001,2,M,2
2320,2019,12,001,3,F,2
2320,2019,12,001,3,M,1
2320,2019,12,001,4,M,2
2320,2019,12,001,5,M,1
2320,2019,12,002,2,F,3
2320,2019,12,002,2,M,2
2320,2019,12,002,4,F,2
2320,2019,12,002,5,M,3
2320,2019,12,002,6,M,2
2320,2019,12,003,2,F,1
2320,2019,12,003,4,M,1
2320,2019,12,004,2,F,1
2320,2019,12,004,5,F,1
2320,2019,12,006,2,F,1
2320,2019,12,006,2,M,2
2320,2019,12,006,3,M,1
2320,2019,12,006,5,M,1
2320,2019,12,007,5,M,1
2320,2019,12,008,2,F,1
2320,2019,12,008,2,M,1
2320,2019,12,009,2,F,1
2320,2019,12,009,2,M,1
2320,2019,12,009,4,F,1
2320,2019,12,010,2,M,1
2320,2019,12,010,4,M,1
2320,2019,12,010,6,M,1
2320,2019,12,011,4,M,1
2320,2019,12,011,6,M,1
2320,2019,12,012,4,M,1
2320,2019,12,013,2,F,3
2320,2019,12,013,3,M,1
2320,2019,12,013,4,M,3
2320,2019,12,013,6,M,1
2320,2019,12,014,2,F,1
2320,2019,12,015,2,F,1
2320,2019,12,015,2,M,1
2320,2019,12,016,2,M,1
2320,2020,06,001,2,F,2
2320,2020,06,001,3,M,1
2320,2020,06,001,4,F,1
2320,2020,06,001,6,M,1
2320,2020,06,002,2,F,1
2320,2020,06,002,2,M,2
2320,2020,06,002,4,M,2
2320,2020,06,002,5,F,1
2320,2020,06,002,5,M,2
2320,2020,06,003,2,M,1
2320,2020,06,003,5,M,3
2320,2020,06,003,6,M,1
2320,2020,06,005,4,F,1
2320,2020,06,005,5,M,1
2320,2020,06,006,6,M,1
2320,2020,06,007,2,M,1
2320,2020,06,007,4,M,1
2320,2020,06,007,5,M,1
2320,2020,06,007,6,M,1
2320,2020,06,008,4,F,1
2320,2020,06,008,5,M,1
2320,2020,06,009,2,M,1
2320,2020,06,009,4,F,1
2320,2020,06,009,6,F,1
2320,2020,06,010,2,F,1
2320,2020,06,010,5,F,1
2320,2020,06,011,3,M,1
2320,2020,06,011,5,M,2
2320,2020,06,011,6,M,1
2320,2020,06,012,5,M,1
2320,2020,06,013,2,F,1
2320,2020,06,013,5,M,1
2320,2020,06,013,6,M,1
2320,2020,06,015,2,F,1
2320,2020,06,015,6,M,1
2320,2020,06,016,3,M,1
2320,2020,06,016,4,F,1
2320,2020,09,001,2,F,3
2320,2020,09,001,2,M,4
2320,2020,09,001,4,M,2
2320,2020,09,001,5,F,1
2320,2020,09,001,5,M,1
2320,2020,09,002,2,M,9
2320,2020,09,002,3,F,1
2320,2020,09,002,4,M,3
2320,2020,09,002,5,M,6
2320,2020,09,002,6,M,2
2320,2020,09,003,2,F,1
2320,2020,09,003,2,M,2
2320,2020,09,003,3,M,1
2320,2020,09,003,4,F,1
2320,2020,09,003,5,M,1
2320,2020,09,004,2,M,1
2320,2020,09,004,6,M,1
2320,2020,09,005,6,M,1
2320,2020,09,008,2,F,1
2320,2020,09,008,3,M,1
2320,2020,09,008,4,M,1
2320,2020,09,009,2,F,1
2320,2020,09,009,3,F,1
2320,2020,09,009,3,M,1
2320,2020,09,009,5,F,1
2320,2020,09,009,5,M,1
2320,2020,09,009,6,M,1
2320,2020,09,010,2,F,1
2320,2020,09,011,2,F,1
2320,2020,09,011,2,M,1
2320,2020,09,011,4,M,1
2320,2020,09,011,5,M,1
2320,2020,09,012,4,M,1
2320,2020,09,013,2,F,1
2320,2020,09,013,2,M,2
2320,2020,09,013,4,M,1
2320,2020,09,014,3,F,1
2320,2020,09,014,4,F,1
2320,2020,09,015,2,F,1
2320,2020,09,015,2,M,1
2320,2020,09,016,4,M,1
2320,2020,09,016,6,M,1
2320,2020,11,001,2,M,2
2320,2020,11,001,3,F,1
2320,2020,11,002,2,M,2
2320,2020,11,004,2,M,1
2320,2020,11,007,4,M,1
2320,2020,11,008,4,M,1
2320,2020,11,010,2,F,1
2320,2020,11,010,2,M,1
2320,2020,11,011,2,M,1
2320,2020,11,011,4,F,1
2320,2020,11,011,5,M,1
2320,2020,11,013,2,M,1
2320,2020,11,013,5,M,1
2320,2020,11,015,2,F,1
2320,2020,12,001,2,F,1
2320,2020,12,001,2,M,1
2320,2020,12,001,4,F,1
2320,2020,12,001,4,M,1
2320,2020,12,001,5,M,1
2320,2020,12,001,6,M,1
2320,2020,12,002,2,F,1
2320,2020,12,002,2,M,5
2320,2020,12,002,4,F,1
2320,2020,12,002,5,M,2
2320,2020,12,002,6,M,1
2320,2020,12,003,3,M,1
2320,2020,12,004,2,F,1
2320,2020,12,004,6,M,2
2320,2020,12,005,2,F,1
2320,2020,12,005,3,M,2
2320,2020,12,008,2,F,1
2320,2020,12,008,4,M,1
2320,2020,12,009,2,F,2
2320,2020,12,009,4,M,1
2320,2020,12,010,3,F,1
2320,2020,12,011,2,M,2
2320,2020,12,011,5,M,1
2320,2020,12,012,4,M,1
2320,2020,12,013,2,F,1
2320,2020,12,013,3,F,1
2320,2020,12,013,3,M,1
2320,2020,12,015,5,M,1
2320,2020,12,017,5,M,1
2320,2021,06,001,2,F,2
2320,2021,06,001,2,M,2
2320,2021,06,001,3,F,2
2320,2021,06,001,3,M,1
2320,2021,06,001,4,F,2
2320,2021,06,001,4,M,2
2320,2021,06,001,5,M,6
2320,2021,06,001,6,M,5
2320,2021,06,002,2,F,2
2320,2021,06,002,2,M,6
2320,2021,06,002,3,F,1
2320,2021,06,002,3,M,2
2320,2021,06,002,4,F,1
2320,2021,06,002,4,M,2
2320,2021,06,002,5,M,5
2320,2021,06,002,6,M,2
2320,2021,06,003,2,M,2
2320,2021,06,004,5,M,2
2320,2021,06,006,2,F,1
2320,2021,06,006,2,M,1
2320,2021,06,006,3,M,1
2320,2021,06,006,6,M,1
2320,2021,06,007,2,M,1
2320,2021,06,007,5,M,1
2320,2021,06,008,3,M,2
2320,2021,06,008,4,M,1
2320,2021,06,008,5,F,2
2320,2021,06,008,5,M,1
2320,2021,06,009,2,M,2
2320,2021,06,009,5,F,1
2320,2021,06,009,5,M,4
2320,2021,06,009,6,F,1
2320,2021,06,009,6,M,1
2320,2021,06,009,7,M,1
2320,2021,06,010,4,F,1
2320,2021,06,010,5,M,1
2320,2021,06,011,2,M,1
2320,2021,06,011,5,M,2
2320,2021,06,012,4,F,1
2320,2021,06,012,5,F,1
2320,2021,06,012,5,M,1
2320,2021,06,013,2,F,3
2320,2021,06,013,4,F,3
2320,2021,06,013,4,M,1
2320,2021,06,013,5,M,2
2320,2021,06,013,6,M,2
2320,2021,06,015,2,F,2
2320,2021,06,015,2,M,1
2320,2021,06,015,4,F,1
2320,2021,06,016,2,M,1
2320,2021,06,016,4,M,1
2320,2021,06,016,5,M,1
2320,2021,06,017,2,M,1
2320,2021,06,017,4,M,1
2320,2021,06,017,5,M,1
2320,2021,08,001,2,M,1
2320,2021,08,001,3,F,1
2320,2021,08,001,5,M,2
2320,2021,08,001,6,M,1
2320,2021,08,002,2,F,2
2320,2021,08,002,4,M,3
2320,2021,08,002,5,M,3
2320,2021,08,002,6,M,2
2320,2021,08,003,4,F,1
2320,2021,08,003,5,M,2
2320,2021,08,004,2,F,1
2320,2021,08,004,5,F,1
2320,2021,08,005,5,M,1
2320,2021,08,006,2,M,1
2320,2021,08,008,2,F,1
2320,2021,08,008,4,F,1
2320,2021,08,008,4,M,1
2320,2021,08,009,2,M,1
2320,2021,08,009,4,F,2
2320,2021,08,009,4,M,1
2320,2021,08,009,5,F,1
2320,2021,08,010,2,M,2
2320,2021,08,010,5,M,1
2320,2021,08,010,6,M,1
2320,2021,08,011,4,F,1
2320,2021,08,011,4,M,1
2320,2021,08,013,2,M,1
2320,2021,08,013,4,M,1
2320,2021,08,014,5,M,1
2320,2021,08,015,2,M,1
2320,2021,12,001,2,F,3
2320,2021,12,001,2,M,3
2320,2021,12,001,3,F,2
2320,2021,12,001,3,M,2
2320,2021,12,001,5,M,4
2320,2021,12,001,6,F,1
2320,2021,12,001,6,M,1
2320,2021,12,002,2,F,4
2320,2021,12,002,2,M,3
2320,2021,12,002,3,F,3
2320,2021,12,002,4,F,1
2320,2021,12,002,4,M,1
2320,2021,12,002,5,M,5
2320,2021,12,002,6,M,1
2320,2021,12,003,4,M,1
2320,2021,12,004,2,M,1
2320,2021,12,004,4,F,1
2320,2021,12,004,5,M,1
2320,2021,12,004,6,M,1
2320,2021,12,008,4,M,1
2320,2021,12,008,5,M,1
2320,2021,12,009,2,F,1
2320,2021,12,009,3,M,1
2320,2021,12,009,5,F,3
2320,2021,12,009,5,M,1
2320,2021,12,010,2,F,2
2320,2021,12,010,4,F,1
2320,2021,12,011,4,F,1
2320,2021,12,011,4,M,1
2320,2021,12,011,5,M,2
2320,2021,12,013,3,M,1
2320,2021,12,015,2,F,1
2320,2021,12,016,4,F,1
2320,2022,06,002,2,M,3
2320,2022,06,002,3,F,1
2320,2022,06,002,4,F,2
2320,2022,06,002,5,M,1
2320,2022,06,002,6,M,4
2320,2022,06,003,2,F,1
2320,2022,06,003,6,M,1
2320,2022,06,003,8,M,1
2320,2022,06,005,5,M,1
2320,2022,06,006,5,M,1
2320,2022,06,007,2,F,1
2320,2022,06,008,3,F,1
2320,2022,06,009,2,M,1
2320,2022,06,010,2,F,2
2320,2022,06,011,2,M,1
2320,2022,06,011,3,F,1
2320,2022,06,011,5,F,1
2320,2022,06,014,3,M,1
2320,2022,06,015,2,M,1
2320,2022,06,015,4,F,1
2320,2022,06,016,5,M,1
2320,2022,09,001,2,M,2
2320,2022,09,001,3,F,1
2320,2022,09,001,3,M,1
2320,2022,09,001,4,F,1
2320,2022,09,001,4,M,1
2320,2022,09,001,5,F,1
2320,2022,09,001,5,M,3
2320,2022,09,001,6,M,2
2320,2022,09,002,2,F,5
2320,2022,09,002,2,M,6
2320,2022,09,002,3,F,2
2320,2022,09,002,4,F,1
2320,2022,09,002,4,M,1
2320,2022,09,002,6,M,5
2320,2022,09,003,3,M,1
2320,2022,09,003,6,M,1
2320,2022,09,004,6,M,1
2320,2022,09,005,4,F,1
2320,2022,09,006,3,F,1
2320,2022,09,006,5,F,1
2320,2022,09,006,5,M,1
2320,2022,09,007,6,M,1
2320,2022,09,008,2,F,2
2320,2022,09,008,4,M,2
2320,2022,09,008,5,F,1
2320,2022,09,009,4,M,1
2320,2022,09,009,5,F,1
2320,2022,09,009,5,M,2
2320,2022,09,009,6,M,1
2320,2022,09,010,4,M,1
2320,2022,09,010,5,F,1
2320,2022,09,010,5,M,1
2320,2022,09,010,6,M,1
2320,2022,09,011,2,M,1
2320,2022,09,011,4,F,1
2320,2022,09,011,4,M,1
2320,2022,09,013,2,F,1
2320,2022,09,013,3,M,1
2320,2022,09,013,4,F,1
2320,2022,09,013,4,M,1
2320,2022,09,013,5,F,1
2320,2022,09,013,5,M,2
2320,2022,09,013,6,M,1
2320,2022,09,014,4,F,1
2320,2022,09,015,2,M,1
2320,2022,09,015,4,M,1
2320,2022,09,016,6,M,1
2320,2022,09,017,5,F,1
2320,2022,12,001,2,M,1
2320,2022,12,001,3,F,1
2320,2022,12,001,4,F,2
2320,2022,12,001,5,F,1
2320,2022,12,001,5,M,4
2320,2022,12,001,6,M,1
2320,2022,12,002,2,F,1
2320,2022,12,002,2,M,3
2320,2022,12,002,3,F,2
2320,2022,12,002,3,M,2
2320,2022,12,002,4,F,1
2320,2022,12,002,5,F,1
2320,2022,12,002,5,M,10
2320,2022,12,002,6,F,1
2320,2022,12,002,6,M,2
2320,2022,12,002,7,M,1
2320,2022,12,003,3,F,1
2320,2022,12,003,3,M,1
2320,2022,12,003,4,F,1
2320,2022,12,003,5,M,2
2320,2022,12,003,6,M,1
2320,2022,12,004,2,M,2
2320,2022,12,004,3,F,1
2320,2022,12,006,2,M,1
2320,2022,12,006,5,M,1
2320,2022,12,007,2,F,1
2320,2022,12,007,4,M,1
2320,2022,12,008,2,M,2
2320,2022,12,008,6,M,2
2320,2022,12,009,4,F,1
2320,2022,12,009,4,M,2
2320,2022,12,009,5,F,1
2320,2022,12,009,5,M,5
2320,2022,12,010,4,F,1
2320,2022,12,011,2,F,1
2320,2022,12,011,2,M,1
2320,2022,12,011,6,M,2
2320,2022,12,013,2,F,1
2320,2022,12,013,5,F,2
2320,2022,12,013,5,M,2
2320,2022,12,013,6,M,1
2320,2022,12,013,7,M,1
2320,2022,12,014,3,F,1
2320,2022,12,015,2,F,1
2320,2022,12,015,4,F,1
2320,2022,12,015,5,M,1
2320,2022,12,015,6,F,1
2320,2022,12,015,6,M,1
2320,2022,12,016,3,F,1
2320,2022,12,016,5,M,1
2320,2022,12,017,4,M,1
2320,2023,06,001,2,F,1
2320,2023,06,001,2,M,1
2320,2023,06,001,4,F,1
2320,2023,06,001,4,M,1
2320,2023,06,001,6,M,1
2320,2023,06,002,2,F,3
2320,2023,06,002,2,M,1
2320,2023,06,002,4,M,1
2320,2023,06,002,5,F,1
2320,2023,06,002,5,M,2
2320,2023,06,002,6,M,1
2320,2023,06,003,5,M,1
2320,2023,06,004,2,F,1
2320,2023,06,004,4,M,1
2320,2023,06,007,4,M,2
2320,2023,06,008,4,F,1
2320,2023,06,009,2,M,1
2320,2023,06,009,4,F,1
2320,2023,06,009,5,F,2
2320,2023,06,009,7,M,1
2320,2023,06,010,2,M,1
2320,2023,06,011,5,M,1
2320,2023,06,011,6,M,1
2320,2023,06,013,4,M,1
2320,2023,06,014,4,F,1
2320,2023,06,014,5,F,1
2320,2023,06,014,6,M,1
2320,2023,06,016,4,M,1
2320,2023,06,017,4,F,1
2320,2023,09,001,2,F,1
2320,2023,09,001,3,F,1
2320,2023,09,001,6,M,1
2320,2023,09,002,2,F,1
2320,2023,09,002,3,F,1
2320,2023,09,002,4,M,1
2320,2023,09,002,5,M,1
2320,2023,09,002,6,M,1
2320,2023,09,006,2,M,1
2320,2023,09,007,3,M,1
2320,2023,09,008,2,M,1
2320,2023,09,008,5,M,1
2320,2023,09,008,6,M,2
2320,2023,09,009,3,M,3
2320,2023,09,009,5,F,2
2320,2023,09,009,5,M,1
2320,2023,09,009,6,M,1
2320,2023,09,010,2,M,1
2320,2023,09,010,3,F,1
2320,2023,09,011,2,M,1
2320,2023,09,011,3,M,1
2320,2023,09,014,2,F,1
2320,2023,09,015,4,F,1
2320,2023,09,015,5,M,1
2320,2023,12,001,2,F,1
2320,2023,12,001,2,M,1
2320,2023,12,001,3,F,1
2320,2023,12,001,4,F,2
2320,2023,12,001,5,F,1
2320,2023,12,001,5,M,4
2320,2023,12,001,6,M,1
2320,2023,12,002,2,F,3
2320,2023,12,002,2,M,4
2320,2023,12,002,3,F,2
2320,2023,12,002,3,M,2
2320,2023,12,002,4,F,4
2320,2023,12,002,5,F,2
2320,2023,12,002,5,M,2
2320,2023,12,002,6,M,2
2320,2023,12,003,3,M,1
2320,2023,12,003,5,F,1
2320,2023,12,003,5,M,1
2320,2023,12,005,2,F,1
2320,2023,12,005,3,F,1
2320,2023,12,005,5,M,1
2320,2023,12,005,6,M,1
2320,2023,12,006,2,F,1
2320,2023,12,006,4,M,2
2320,2023,12,006,5,M,2
2320,2023,12,007,4,F,1
2320,2023,12,007,5,M,1
2320,2023,12,008,4,M,1
2320,2023,12,008,5,F,1
2320,2023,12,008,5,M,1
2320,2023,12,009,3,F,1
2320,2023,12,009,5,F,1
2320,2023,12,009,6,F,1
2320,2023,12,009,6,M,1
2320,2023,12,010,4,M,1
2320,2023,12,010,6,M,1
2320,2023,12,011,3,F,2
2320,2023,12,011,3,M,1
2320,2023,12,011,4,F,1
2320,2023,12,011,5,F,2
2320,2023,12,011,6,M,1
2320,2023,12,012,4,F,1
2320,2023,12,013,2,F,1
2320,2023,12,013,5,F,1
2320,2023,12,014,2,M,1
2320,2023,12,014,3,F,2
2320,2023,12,015,3,M,1
2320,2023,12,015,5,F,2
2320,2023,12,017,3,F,1
2320,2023,12,017,5,M,1
2320,2023,12,999,5,F,1
7900,2013,04,001,2,F,1
7900,2013,04,001,2,M,2
7900,2013,04,001,3,F,1
7900,2013,04,001,3,M,5
7900,2013,04,001,4,F,13
7900,2013,04,001,4,M,20
7900,2013,04,001,5,F,9
7900,2013,04,001,5,M,56
7900,2013,04,001,6,F,1
7900,2013,04,001,6,M,23
7900,2013,04,002,1,F,1
7900,2013,04,002,1,M,1
7900,2013,04,002,2,F,5
7900,2013,04,002,2,M,7
7900,2013,04,002,3,F,5
7900,2013,04,002,3,M,6
7900,2013,04,002,4,F,19
7900,2013,04,002,4,M,39
7900,2013,04,002,5,F,13
7900,2013,04,002,5,M,84
7900,2013,04,002,6,F,2
7900,2013,04,002,6,M,31
7900,2013,04,002,7,M,2
7900,2013,04,003,2,F,2
7900,2013,04,003,2,M,1
7900,2013,04,003,3,F,2
7900,2013,04,003,3,M,2
7900,2013,04,003,4,F,3
7900,2013,04,003,4,M,8
7900,2013,04,003,5,F,3
7900,2013,04,003,5,M,13
7900,2013,04,003,6,M,5
7900,2013,04,004,2,M,1
7900,2013,04,004,3,F,1
7900,2013,04,004,4,M,4
7900,2013,04,004,5,M,4
7900,2013,04,004,6,M,1
7900,2013,04,004,7,M,1
7900,2013,04,005,4,F,1
7900,2013,04,005,4,M,4
7900,2013,04,005,5,M,4
7900,2013,04,005,6,M,2
7900,2013,04,006,2,M,1
7900,2013,04,006,3,M,1
7900,2013,04,006,4,M,3
7900,2013,04,006,5,M,9
7900,2013,04,006,6,M,1
7900,2013,04,007,3,F,3
7900,2013,04,007,3,M,2
7900,2013,04,007,4,F,2
7900,2013,04,007,4,M,4
7900,2013,04,007,5,M,1
7900,2013,04,008,1,F,1
7900,2013,04,008,2,F,3
7900,2013,04,008,3,M,3
7900,2013,04,008,4,F,3
7900,2013,04,008,4,M,5
7900,2013,04,008,5,F,3
7900,2013,04,008,5,M,13
7900,2013,04,008,6,F,1
7900,2013,04,008,6,M,11
7900,2013,04,009,2,F,1
7900,2013,04,009,2,M,1
7900,2013,04,009,3,F,4
7900,2013,04,009,3,M,3
7900,2013,04,009,4,F,16
7900,2013,04,009,4,M,11
7900,2013,04,009,5,F,1
7900,2013,04,009,5,M,15
7900,2013,04,009,6,M,11
7900,2013,04,010,1,M,1
7900,2013,04,010,2,M,2
7900,2013,04,010,3,F,1
7900,2013,04,010,3,M,4
7900,2013,04,010,4,F,3
7900,2013,04,010,4,M,16
7900,2013,04,010,5,F,2
7900,2013,04,010,5,M,12
7900,2013,04,010,6,F,2
7900,2013,04,010,6,M,5
7900,2013,04,011,3,F,1
7900,2013,04,011,3,M,6
7900,2013,04,011,4,F,7
7900,2013,04,011,4,M,4
7900,2013,04,011,5,M,3
7900,2013,04,011,6,F,1
7900,2013,04,011,6,M,4
7900,2013,04,012,4,M,1
7900,2013,04,012,5,M,5
7900,2013,04,012,6,M,1
7900,2013,04,013,2,M,2
7900,2013,04,013,3,F,2
7900,2013,04,013,3,M,3
7900,2013,04,013,4,F,2
7900,2013,04,013,4,M,7
7900,2013,04,013,5,F,5
7900,2013,04,013,5,M,26
7900,2013,04,013,6,F,1
7900,2013,04,013,6,M,13
7900,2013,04,014,2,F,1
7900,2013,04,014,3,F,4
7900,2013,04,014,3,M,1
7900,2013,04,014,4,F,8
7900,2013,04,014,4,M,5
7900,2013,04,014,5,F,3
7900,2013,04,014,5,M,10
7900,2013,04,014,6,M,3
7900,2013,04,014,7,M,1
7900,2013,04,015,3,M,3
7900,2013,04,015,4,F,5
7900,2013,04,015,4,M,1
7900,2013,04,015,5,F,1
7900,2013,04,015,5,M,5
7900,2013,04,016,4,M,1
7900,2013,04,016,5,M,2
7900,2013,04,017,4,M,2
7900,2013,06,001,2,F,2
7900,2013,06,001,2,M,3
7900,2013,06,001,3,F,1
7900,2013,06,001,3,M,1
7900,2013,06,001,4,F,12
7900,2013,06,001,4,M,21
7900,2013,06,001,5,F,11
7900,2013,06,001,5,M,77
7900,2013,06,001,6,F,1
7900,2013,06,001,6,M,38
7900,2013,06,001,7,M,3
7900,2013,06,002,1,F,1
7900,2013,06,002,2,F,2
7900,2013,06,002,2,M,4
7900,2013,06,002,3,F,4
7900,2013,06,002,3,M,7
7900,2013,06,002,4,F,16
7900,2013,06,002,4,M,26
7900,2013,06,002,5,F,6
7900,2013,06,002,5,M,55
7900,2013,06,002,6,F,2
7900,2013,06,002,6,M,23
7900,2013,06,002,7,M,1
7900,2013,06,003,3,F,1
7900,2013,06,003,4,F,3
7900,2013,06,003,4,M,4
7900,2013,06,003,5,F,2
7900,2013,06,003,5,M,8
7900,2013,06,003,6,M,3
7900,2013,06,004,3,M,1
7900,2013,06,004,4,M,1
7900,2013,06,004,5,F,3
7900,2013,06,004,5,M,2
7900,2013,06,004,6,M,2
7900,2013,06,005,4,M,1
7900,2013,06,005,5,M,4
7900,2013,06,005,6,M,2
7900,2013,06,006,4,F,2
7900,2013,06,006,4,M,5
7900,2013,06,006,5,F,1
7900,2013,06,006,5,M,6
7900,2013,06,006,6,M,5
7900,2013,06,007,3,F,1
7900,2013,06,007,4,F,1
7900,2013,06,007,5,M,2
7900,2013,06,007,6,M,1
7900,2013,06,008,2,M,1
7900,2013,06,008,3,M,1
7900,2013,06,008,4,F,2
7900,2013,06,008,4,M,4
7900,2013,06,008,5,F,1
7900,2013,06,008,5,M,8
7900,2013,06,008,6,M,1
7900,2013,06,008,7,F,1
7900,2013,06,009,2,M,2
7900,2013,06,009,3,M,3
7900,2013,06,009,4,F,1
7900,2013,06,009,4,M,5
7900,2013,06,009,5,F,3
7900,2013,06,009,5,M,12
7900,2013,06,009,6,F,1
7900,2013,06,009,6,M,15
7900,2013,06,010,2,F,1
7900,2013,06,010,2,M,1
7900,2013,06,010,3,F,3
7900,2013,06,010,4,F,2
7900,2013,06,010,4,M,3
7900,2013,06,010,5,F,2
7900,2013,06,010,5,M,4
7900,2013,06,010,6,M,7
7900,2013,06,011,2,F,1
7900,2013,06,011,3,F,1
7900,2013,06,011,3,M,2
7900,2013,06,011,4,F,2
7900,2013,06,011,4,M,5
7900,2013,06,011,5,F,2
7900,2013,06,011,5,M,4
7900,2013,06,011,6,M,3
7900,2013,06,012,5,M,1
7900,2013,06,013,2,F,2
7900,2013,06,013,3,F,2
7900,2013,06,013,3,M,2
7900,2013,06,013,4,F,3
7900,2013,06,013,4,M,6
7900,2013,06,013,5,F,3
7900,2013,06,013,5,M,17
7900,2013,06,013,6,M,9
7900,2013,06,014,2,M,1
7900,2013,06,014,3,M,2
7900,2013,06,014,4,F,3
7900,2013,06,014,4,M,3
7900,2013,06,014,5,M,5
7900,2013,06,014,6,M,3
7900,2013,06,015,2,F,2
7900,2013,06,015,3,F,2
7900,2013,06,015,3,M,3
7900,2013,06,015,4,F,2
7900,2013,06,015,4,M,5
7900,2013,06,015,5,M,5
7900,2013,06,015,6,M,4
7900,2013,06,016,4,F,1
7900,2013,06,016,4,M,1
7900,2013,06,016,5,M,1
7900,2013,06,017,1,F,1
7900,2013,06,017,4,M,1
7900,2013,06,999,3,M,1
7900,2013,06,999,6,M,1
7900,2013,07,001,1,F,12
7900,2013,07,001,1,M,14
7900,2013,07,001,2,M,1
7900,2013,07,002,1,F,101
7900,2013,07,002,1,M,93
7900,2013,07,003,1,F,1
7900,2013,07,003,1,M,21
7900,2013,07,004,1,F,13
7900,2013,07,004,1,M,54
7900,2013,07,005,1,F,34
7900,2013,07,005,1,M,40
7900,2013,07,006,1,F,79
7900,2013,07,006,1,M,81
7900,2013,07,007,1,F,20
7900,2013,07,007,1,M,25
7900,2013,07,008,1,F,16
7900,2013,07,008,1,M,23
7900,2013,07,009,1,F,19
7900,2013,07,009,1,M,31
7900,2013,07,010,1,F,24
7900,2013,07,010,1,M,83
7900,2013,07,011,1,F,61
7900,2013,07,011,1,M,81
7900,2013,07,011,2,F,1
7900,2013,07,011,2,M,1
7900,2013,07,012,1,F,2
7900,2013,07,012,1,M,30
7900,2013,07,013,1,F,14
7900,2013,07,013,1,M,52
7900,2013,07,014,1,F,30
7900,2013,07,014,1,M,26
7900,2013,07,014,2,F,1
7900,2013,07,015,1,F,27
7900,2013,07,015,1,M,43
7900,2013,07,016,1,F,19
7900,2013,07,016,1,M,31
7900,2013,07,017,1,F,4
7900,2013,07,017,1,M,3
7900,2013,07,999,1,F,4
7900,2013,07,999,1,M,3
7900,2013,10,001,1,F,1
7900,2013,10,001,2,F,2
7900,2013,10,001,2,M,1
7900,2013,10,001,3,F,2
7900,2013,10,001,3,M,5
7900,2013,10,001,4,F,16
7900,2013,10,001,4,M,19
7900,2013,10,001,5,F,13
7900,2013,10,001,5,M,66
7900,2013,10,001,6,F,3
7900,2013,10,001,6,M,36
7900,2013,10,001,7,M,1
7900,2013,10,002,2,M,4
7900,2013,10,002,3,F,7
7900,2013,10,002,3,M,11
7900,2013,10,002,4,F,32
7900,2013,10,002,4,M,30
7900,2013,10,002,5,F,21
7900,2013,10,002,5,M,79
7900,2013,10,002,6,F,7
7900,2013,10,002,6,M,39
7900,2013,10,003,2,F,1
7900,2013,10,003,3,F,2
7900,2013,10,003,3,M,5
7900,2013,10,003,4,F,9
7900,2013,10,003,4,M,5
7900,2013,10,003,5,F,2
7900,2013,10,003,5,M,9
7900,2013,10,003,6,F,1
7900,2013,10,003,6,M,2
7900,2013,10,004,2,F,1
7900,2013,10,004,3,F,1
7900,2013,10,004,3,M,2
7900,2013,10,004,4,F,1
7900,2013,10,004,4,M,6
7900,2013,10,004,5,M,9
7900,2013,10,004,6,F,1
7900,2013,10,004,6,M,2
7900,2013,10,005,3,M,3
7900,2013,10,005,4,F,1
7900,2013,10,005,4,M,3
7900,2013,10,005,5,M,3
7900,2013,10,005,6,M,1
7900,2013,10,006,1,F,1
7900,2013,10,006,2,M,1
7900,2013,10,006,3,F,2
7900,2013,10,006,3,M,2
7900,2013,10,006,4,F,1
7900,2013,10,006,4,M,7
7900,2013,10,006,5,M,10
7900,2013,10,006,6,F,1
7900,2013,10,006,6,M,4
7900,2013,10,007,2,F,1
7900,2013,10,007,3,F,1
7900,2013,10,007,4,M,5
7900,2013,10,007,5,M,2
7900,2013,10,008,2,F,2
7900,2013,10,008,2,M,2
7900,2013,10,008,3,F,2
7900,2013,10,008,3,M,3
7900,2013,10,008,4,F,7
7900,2013,10,008,4,M,11
7900,2013,10,008,5,F,3
7900,2013,10,008,5,M,21
7900,2013,10,008,6,F,2
7900,2013,10,008,6,M,8
7900,2013,10,009,2,F,3
7900,2013,10,009,2,M,1
7900,2013,10,009,3,F,4
7900,2013,10,009,3,M,2
7900,2013,10,009,4,F,6
7900,2013,10,009,4,M,10
7900,2013,10,009,5,F,2
7900,2013,10,009,5,M,21
7900,2013,10,009,6,F,1
7900,2013,10,009,6,M,15
7900,2013,10,010,1,M,1
7900,2013,10,010,2,F,2
7900,2013,10,010,3,F,3
7900,2013,10,010,3,M,1
7900,2013,10,010,4,F,2
7900,2013,10,010,4,M,12
7900,2013,10,010,5,F,3
7900,2013,10,010,5,M,15
7900,2013,10,010,6,F,2
7900,2013,10,010,6,M,18
7900,2013,10,010,7,M,2
7900,2013,10,011,2,M,1
7900,2013,10,011,3,M,5
7900,2013,10,011,4,F,8
7900,2013,10,011,4,M,14
7900,2013,10,011,5,M,14
7900,2013,10,011,6,M,5
7900,2013,10,012,4,F,5
7900,2013,10,012,5,F,1
7900,2013,10,012,5,M,6
7900,2013,10,012,6,M,3
7900,2013,10,013,2,M,3
7900,2013,10,013,3,F,1
7900,2013,10,013,3,M,3
7900,2013,10,013,4,F,7
7900,2013,10,013,4,M,10
7900,2013,10,013,5,F,8
7900,2013,10,013,5,M,21
7900,2013,10,013,6,M,16
7900,2013,10,014,2,M,1
7900,2013,10,014,3,F,2
7900,2013,10,014,3,M,1
7900,2013,10,014,4,F,3
7900,2013,10,014,4,M,3
7900,2013,10,014,5,F,4
7900,2013,10,014,5,M,4
7900,2013,10,014,6,F,1
7900,2013,10,014,6,M,1
7900,2013,10,015,1,M,1
7900,2013,10,015,2,F,1
7900,2013,10,015,3,F,5
7900,2013,10,015,3,M,2
7900,2013,10,015,4,F,8
7900,2013,10,015,4,M,4
7900,2013,10,015,5,F,1
7900,2013,10,015,5,M,11
7900,2013,10,015,6,M,2
7900,2013,10,016,4,M,1
7900,2013,10,016,5,M,1
7900,2013,10,017,4,F,1
7900,2013,10,017,5,M,1
7900,2013,10,999,5,F,2
7900,2013,10,999,6,F,1
7900,2013,10,999,6,M,1
7900,2013,11,011,4,F,1
7900,2013,12,001,1,F,4
7900,2013,12,001,1,M,1
7900,2013,12,001,2,F,1
7900,2013,12,001,2,M,5
7900,2013,12,001,3,F,8
7900,2013,12,001,3,M,6
7900,2013,12,001,4,F,10
7900,2013,12,001,4,M,24
7900,2013,12,001,5,F,12
7900,2013,12,001,5,M,80
7900,2013,12,001,6,F,6
7900,2013,12,001,6,M,41
7900,2013,12,002,1,F,4
7900,2013,12,002,1,M,21
7900,2013,12,002,2,F,6
7900,2013,12,002,2,M,6
7900,2013,12,002,3,F,11
7900,2013,12,002,3,M,18
7900,2013,12,002,4,F,39
7900,2013,12,002,4,M,43
7900,2013,12,002,5,F,22
7900,2013,12,002,5,M,69
7900,2013,12,002,6,F,6
7900,2013,12,002,6,M,44
7900,2013,12,002,7,M,2
7900,2013,12,003,1,F,3
7900,2013,12,003,1,M,1
7900,2013,12,003,2,F,2
7900,2013,12,003,3,M,1
7900,2013,12,003,4,F,6
7900,2013,12,003,4,M,6
7900,2013,12,003,5,F,3
7900,2013,12,003,5,M,17
7900,2013,12,003,6,M,3
7900,2013,12,004,1,F,1
7900,2013,12,004,1,M,1
7900,2013,12,004,2,M,1
7900,2013,12,004,3,F,3
7900,2013,12,004,3,M,4
7900,2013,12,004,4,F,4
7900,2013,12,004,4,M,12
7900,2013,12,004,5,F,1
7900,2013,12,004,5,M,18
7900,2013,12,004,6,F,1
7900,2013,12,004,6,M,2
7900,2013,12,005,1,M,3
7900,2013,12,005,4,F,2
7900,2013,12,005,4,M,3
7900,2013,12,005,5,M,3
7900,2013,12,005,6,M,1
7900,2013,12,006,1,F,1
7900,2013,12,006,1,M,1
7900,2013,12,006,2,M,3
7900,2013,12,006,3,F,2
7900,2013,12,006,3,M,1
7900,2013,12,006,4,F,5
7900,2013,12,006,4,M,4
7900,2013,12,006,5,F,1
7900,2013,12,006,5,M,13
7900,2013,12,006,6,M,4
7900,2013,12,007,2,M,4
7900,2013,12,007,3,F,1
7900,2013,12,007,3,M,1
7900,2013,12,007,4,F,1
7900,2013,12,007,4,M,3
7900,2013,12,007,5,F,1
7900,2013,12,007,5,M,4
7900,2013,12,008,1,M,3
7900,2013,12,008,2,F,1
7900,2013,12,008,2,M,3
7900,2013,12,008,3,F,3
7900,2013,12,008,3,M,1
7900,2013,12,008,4,F,10
7900,2013,12,008,4,M,12
7900,2013,12,008,5,F,4
7900,2013,12,008,5,M,18
7900,2013,12,008,6,M,9
7900,2013,12,009,1,F,1
7900,2013,12,009,1,M,1
7900,2013,12,009,2,F,3
7900,2013,12,009,2,M,1
7900,2013,12,009,3,F,5
7900,2013,12,009,3,M,8
7900,2013,12,009,4,F,9
7900,2013,12,009,4,M,15
7900,2013,12,009,5,F,3
7900,2013,12,009,5,M,23
7900,2013,12,009,6,F,1
7900,2013,12,009,6,M,24
7900,2013,12,009,7,M,1
7900,2013,12,010,1,F,1
7900,2013,12,010,1,M,4
7900,2013,12,010,2,F,1
7900,2013,12,010,2,M,1
7900,2013,12,010,3,F,5
7900,2013,12,010,3,M,3
7900,2013,12,010,4,F,6
7900,2013,12,010,4,M,7
7900,2013,12,010,5,F,4
7900,2013,12,010,5,M,18
7900,2013,12,010,6,F,7
7900,2013,12,010,6,M,34
7900,2013,12,010,7,M,7
7900,2013,12,011,1,F,2
7900,2013,12,011,1,M,4
7900,2013,12,011,2,F,3
7900,2013,12,011,2,M,5
7900,2013,12,011,3,F,7
7900,2013,12,011,3,M,4
7900,2013,12,011,4,F,7
7900,2013,12,011,4,M,8
7900,2013,12,011,5,F,3
7900,2013,12,011,5,M,8
7900,2013,12,011,6,M,3
7900,2013,12,012,1,F,1
7900,2013,12,012,1,M,1
7900,2013,12,012,3,F,1
7900,2013,12,012,4,F,2
7900,2013,12,012,4,M,4
7900,2013,12,012,5,M,6
7900,2013,12,012,6,M,2
7900,2013,12,013,1,M,1
7900,2013,12,013,2,F,1
7900,2013,12,013,2,M,1
7900,2013,12,013,3,F,1
7900,2013,12,013,3,M,4
7900,2013,12,013,4,F,11
7900,2013,12,013,4,M,4
7900,2013,12,013,5,F,5
7900,2013,12,013,5,M,29
7900,2013,12,013,6,M,14
7900,2013,12,014,1,M,2
7900,2013,12,014,2,F,1
7900,2013,12,014,3,F,2
7900,2013,12,014,3,M,1
7900,2013,12,014,4,F,3
7900,2013,12,014,4,M,11
7900,2013,12,014,5,M,5
7900,2013,12,014,6,M,4
7900,2013,12,015,3,F,3
7900,2013,12,015,3,M,1
7900,2013,12,015,4,F,6
7900,2013,12,015,4,M,4
7900,2013,12,015,5,F,2
7900,2013,12,015,5,M,8
7900,2013,12,015,6,M,3
7900,2013,12,016,2,F,1
7900,2013,12,016,3,M,1
7900,2013,12,016,4,F,2
7900,2013,12,016,4,M,2
7900,2013,12,016,5,M,2
7900,2013,12,016,6,M,1
7900,2013,12,017,4,F,1
7900,2013,12,017,4,M,1
7900,2013,12,999,1,M,1
7900,2013,12,999,3,M,1
7900,2013,12,999,4,F,1
7900,2013,12,999,4,M,4
7900,2013,12,999,5,F,1
7900,2013,12,999,5,M,2
7900,2013,12,999,6,M,2
7900,2014,04,001,2,F,1
7900,2014,04,001,2,M,1
7900,2014,04,001,3,F,3
7900,2014,04,001,3,M,6
7900,2014,04,001,4,F,14
7900,2014,04,001,4,M,27
7900,2014,04,001,5,F,9
7900,2014,04,001,5,M,80
7900,2014,04,001,6,M,20
7900,2014,04,002,1,M,1
7900,2014,04,002,2,F,1
7900,2014,04,002,2,M,2
7900,2014,04,002,3,F,7
7900,2014,04,002,3,M,11
7900,2014,04,002,4,F,23
7900,2014,04,002,4,M,34
7900,2014,04,002,5,F,11
7900,2014,04,002,5,M,105
7900,2014,04,002,6,F,1
7900,2014,04,002,6,M,41
7900,2014,04,002,7,M,1
7900,2014,04,003,3,F,1
7900,2014,04,003,3,M,1
7900,2014,04,003,4,F,3
7900,2014,04,003,4,M,6
7900,2014,04,003,5,F,2
7900,2014,04,003,5,M,17
7900,2014,04,003,6,M,5
7900,2014,04,004,2,M,1
7900,2014,04,004,3,F,1
7900,2014,04,004,3,M,4
7900,2014,04,004,4,F,4
7900,2014,04,004,4,M,2
7900,2014,04,004,5,F,3
7900,2014,04,004,5,M,20
7900,2014,04,004,6,F,1
7900,2014,04,004,6,M,5
7900,2014,04,005,3,M,1
7900,2014,04,005,4,F,4
7900,2014,04,005,4,M,2
7900,2014,04,005,5,F,2
7900,2014,04,005,5,M,2
7900,2014,04,006,3,M,2
7900,2014,04,006,4,F,2
7900,2014,04,006,4,M,5
7900,2014,04,006,5,M,9
7900,2014,04,006,6,F,1
7900,2014,04,006,6,M,6
7900,2014,04,007,3,M,2
7900,2014,04,007,4,M,3
7900,2014,04,007,6,M,4
7900,2014,04,008,1,F,2
7900,2014,04,008,1,M,1
7900,2014,04,008,2,F,1
7900,2014,04,008,2,M,2
7900,2014,04,008,3,F,5
7900,2014,04,008,3,M,2
7900,2014,04,008,4,F,4
7900,2014,04,008,4,M,5
7900,2014,04,008,5,F,1
7900,2014,04,008,5,M,16
7900,2014,04,008,6,M,6
7900,2014,04,009,1,M,1
7900,2014,04,009,2,F,1
7900,2014,04,009,2,M,1
7900,2014,04,009,3,F,2
7900,2014,04,009,3,M,2
7900,2014,04,009,4,F,6
7900,2014,04,009,4,M,6
7900,2014,04,009,5,F,4
7900,2014,04,009,5,M,16
7900,2014,04,009,6,M,14
7900,2014,04,010,2,M,1
7900,2014,04,010,3,F,1
7900,2014,04,010,4,F,4
7900,2014,04,010,4,M,6
7900,2014,04,010,5,F,3
7900,2014,04,010,5,M,7
7900,2014,04,010,6,F,1
7900,2014,04,010,6,M,4
7900,2014,04,011,1,M,1
7900,2014,04,011,3,F,2
7900,2014,04,011,3,M,1
7900,2014,04,011,4,F,5
7900,2014,04,011,4,M,6
7900,2014,04,011,5,F,2
7900,2014,04,011,5,M,7
7900,2014,04,011,6,M,4
7900,2014,04,012,4,F,1
7900,2014,04,012,4,M,1
7900,2014,04,012,5,M,6
7900,2014,04,012,6,M,2
7900,2014,04,013,1,M,1
7900,2014,04,013,2,F,3
7900,2014,04,013,2,M,1
7900,2014,04,013,3,F,4
7900,2014,04,013,3,M,6
7900,2014,04,013,4,F,12
7900,2014,04,013,4,M,7
7900,2014,04,013,5,F,4
7900,2014,04,013,5,M,19
7900,2014,04,013,6,M,25
7900,2014,04,014,2,F,1
7900,2014,04,014,2,M,1
7900,2014,04,014,3,F,2
7900,2014,04,014,3,M,2
7900,2014,04,014,4,F,5
7900,2014,04,014,4,M,3
7900,2014,04,014,5,F,1
7900,2014,04,014,5,M,8
7900,2014,04,014,6,M,4
7900,2014,04,015,1,M,1
7900,2014,04,015,3,F,1
7900,2014,04,015,3,M,2
7900,2014,04,015,4,F,1
7900,2014,04,015,4,M,3
7900,2014,04,015,5,F,2
7900,2014,04,015,5,M,9
7900,2014,04,015,6,M,6
7900,2014,04,016,4,M,1
7900,2014,04,016,5,M,3
7900,2014,04,017,4,M,2
7900,2014,04,017,5,F,2
7900,2014,06,001,1,F,1
7900,2014,06,001,2,F,2
7900,2014,06,001,2,M,3
7900,2014,06,001,3,F,3
7900,2014,06,001,3,M,7
7900,2014,06,001,4,F,10
7900,2014,06,001,4,M,19
7900,2014,06,001,5,F,10
7900,2014,06,001,5,M,96
7900,2014,06,001,6,F,1
7900,2014,06,001,6,M,28
7900,2014,06,002,1,F,1
7900,2014,06,002,1,M,1
7900,2014,06,002,2,F,5
7900,2014,06,002,2,M,3
7900,2014,06,002,3,F,3
7900,2014,06,002,3,M,10
7900,2014,06,002,4,F,24
7900,2014,06,002,4,M,36
7900,2014,06,002,5,F,12
7900,2014,06,002,5,M,68
7900,2014,06,002,6,F,3
7900,2014,06,002,6,M,30
7900,2014,06,003,2,F,1
7900,2014,06,003,3,M,2
7900,2014,06,003,4,F,3
7900,2014,06,003,4,M,4
7900,2014,06,003,5,F,2
7900,2014,06,003,5,M,12
7900,2014,06,003,6,M,6
7900,2014,06,004,3,M,2
7900,2014,06,004,4,F,4
7900,2014,06,004,5,M,4
7900,2014,06,005,3,F,2
7900,2014,06,005,4,F,1
7900,2014,06,005,4,M,5
7900,2014,06,005,5,M,3
7900,2014,06,005,6,M,2
7900,2014,06,006,2,F,1
7900,2014,06,006,4,F,6
7900,2014,06,006,4,M,5
7900,2014,06,006,5,F,4
7900,2014,06,006,5,M,7
7900,2014,06,006,6,M,1
7900,2014,06,006,7,M,1
7900,2014,06,007,3,M,3
7900,2014,06,007,4,M,1
7900,2014,06,007,5,M,3
7900,2014,06,007,6,M,1
7900,2014,06,008,1,M,1
7900,2014,06,008,3,F,1
7900,2014,06,008,3,M,3
7900,2014,06,008,4,F,9
7900,2014,06,008,4,M,4
7900,2014,06,008,5,M,9
7900,2014,06,008,6,M,7
7900,2014,06,009,1,M,1
7900,2014,06,009,3,F,2
7900,2014,06,009,3,M,1
7900,2014,06,009,4,F,8
7900,2014,06,009,4,M,5
7900,2014,06,009,5,F,2
7900,2014,06,009,5,M,10
7900,2014,06,009,6,M,3
7900,2014,06,009,7,M,1
7900,2014,06,010,1,M,1
7900,2014,06,010,3,F,1
7900,2014,06,010,3,M,4
7900,2014,06,010,4,F,4
7900,2014,06,010,4,M,5
7900,2014,06,010,5,F,2
7900,2014,06,010,5,M,10
7900,2014,06,010,6,M,3
7900,2014,06,010,7,M,2
7900,2014,06,011,2,F,3
7900,2014,06,011,2,M,1
7900,2014,06,011,3,F,2
7900,2014,06,011,3,M,1
7900,2014,06,011,4,F,4
7900,2014,06,011,4,M,6
7900,2014,06,011,5,F,1
7900,2014,06,011,5,M,1
7900,2014,06,011,6,M,4
7900,2014,06,012,1,M,1
7900,2014,06,012,3,M,1
7900,2014,06,012,4,M,1
7900,2014,06,012,6,M,1
7900,2014,06,013,2,M,1
7900,2014,06,013,3,F,1
7900,2014,06,013,3,M,7
7900,2014,06,013,4,F,6
7900,2014,06,013,4,M,8
7900,2014,06,013,5,F,7
7900,2014,06,013,5,M,24
7900,2014,06,013,6,F,1
7900,2014,06,013,6,M,9
7900,2014,06,014,2,M,1
7900,2014,06,014,3,F,2
7900,2014,06,014,3,M,2
7900,2014,06,014,4,F,2
7900,2014,06,014,4,M,5
7900,2014,06,014,5,M,8
7900,2014,06,014,6,M,3
7900,2014,06,015,2,F,1
7900,2014,06,015,3,F,2
7900,2014,06,015,3,M,1
7900,2014,06,015,4,M,2
7900,2014,06,015,5,F,1
7900,2014,06,015,5,M,5
7900,2014,06,015,6,M,2
7900,2014,06,016,1,M,1
7900,2014,06,016,2,M,1
7900,2014,06,016,3,M,1
7900,2014,06,016,4,F,1
7900,2014,06,016,4,M,2
7900,2014,06,016,5,F,1
7900,2014,06,016,5,M,3
7900,2014,06,017,3,F,1
7900,2014,06,017,4,M,1
7900,2014,06,017,5,M,1
7900,2014,06,017,6,M,1
7900,2014,06,999,4,M,1
7900,2014,07,001,1,F,12
7900,2014,07,001,1,M,13
7900,2014,07,001,2,M,1
7900,2014,07,002,1,F,67
7900,2014,07,002,1,M,87
7900,2014,07,003,1,F,9
7900,2014,07,003,1,M,31
7900,2014,07,004,1,F,28
7900,2014,07,004,1,M,48
7900,2014,07,004,2,M,1
7900,2014,07,005,1,F,47
7900,2014,07,005,1,M,35
7900,2014,07,005,2,F,1
7900,2014,07,006,1,F,69
7900,2014,07,006,1,M,67
7900,2014,07,007,1,F,25
7900,2014,07,007,1,M,24
7900,2014,07,008,1,F,16
7900,2014,07,008,1,M,38
7900,2014,07,009,1,F,5
7900,2014,07,009,1,M,41
7900,2014,07,010,1,F,34
7900,2014,07,010,1,M,67
7900,2014,07,011,1,F,57
7900,2014,07,011,1,M,76
7900,2014,07,012,1,F,4
7900,2014,07,012,1,M,30
7900,2014,07,013,1,F,22
7900,2014,07,013,1,M,32
7900,2014,07,014,1,F,23
7900,2014,07,014,1,M,31
7900,2014,07,015,1,F,21
7900,2014,07,015,1,M,45
7900,2014,07,015,2,M,1
7900,2014,07,016,1,F,12
7900,2014,07,016,1,M,20
7900,2014,07,017,1,F,1
7900,2014,07,017,1,M,4
7900,2014,07,999,1,F,4
7900,2014,07,999,1,M,7
7900,2014,10,001,1,F,1
7900,2014,10,001,2,F,3
7900,2014,10,001,2,M,2
7900,2014,10,001,3,F,4
7900,2014,10,001,3,M,3
7900,2014,10,001,4,F,9
7900,2014,10,001,4,M,16
7900,2014,10,001,5,F,10
7900,2014,10,001,5,M,55
7900,2014,10,001,6,F,3
7900,2014,10,001,6,M,23
7900,2014,10,001,7,M,1
7900,2014,10,002,1,M,1
7900,2014,10,002,2,F,5
7900,2014,10,002,2,M,2
7900,2014,10,002,3,F,4
7900,2014,10,002,3,M,7
7900,2014,10,002,4,F,37
7900,2014,10,002,4,M,29
7900,2014,10,002,5,F,12
7900,2014,10,002,5,M,55
7900,2014,10,002,6,M,23
7900,2014,10,002,7,M,1
7900,2014,10,003,3,M,1
7900,2014,10,003,4,F,3
7900,2014,10,003,4,M,2
7900,2014,10,003,5,F,2
7900,2014,10,003,5,M,6
7900,2014,10,003,6,M,2
7900,2014,10,004,3,F,2
7900,2014,10,004,3,M,1
7900,2014,10,004,4,F,2
7900,2014,10,004,4,M,2
7900,2014,10,004,5,F,1
7900,2014,10,004,5,M,9
7900,2014,10,004,6,M,3
7900,2014,10,005,2,F,1
7900,2014,10,005,4,F,1
7900,2014,10,005,5,M,1
7900,2014,10,005,6,M,1
7900,2014,10,006,2,M,1
7900,2014,10,006,3,F,2
7900,2014,10,006,3,M,1
7900,2014,10,006,4,F,1
7900,2014,10,006,4,M,2
7900,2014,10,006,5,M,3
7900,2014,10,007,3,M,1
7900,2014,10,007,4,F,4
7900,2014,10,007,4,M,3
7900,2014,10,007,5,F,3
7900,2014,10,007,5,M,9
7900,2014,10,007,6,M,2
7900,2014,10,008,1,M,1
7900,2014,10,008,2,M,1
7900,2014,10,008,3,F,2
7900,2014,10,008,4,F,2
7900,2014,10,008,4,M,5
7900,2014,10,008,5,M,10
7900,2014,10,008,6,M,7
7900,2014,10,009,1,M,1
7900,2014,10,009,2,F,3
7900,2014,10,009,2,M,1
7900,2014,10,009,3,F,4
7900,2014,10,009,4,F,6
7900,2014,10,009,4,M,7
7900,2014,10,009,5,F,1
7900,2014,10,009,5,M,11
7900,2014,10,009,6,M,8
7900,2014,10,009,7,M,1
7900,2014,10,010,1,M,1
7900,2014,10,010,3,F,2
7900,2014,10,010,3,M,2
7900,2014,10,010,4,F,1
7900,2014,10,010,4,M,5
7900,2014,10,010,5,F,2
7900,2014,10,010,5,M,10
7900,2014,10,010,6,M,3
7900,2014,10,010,7,M,1
7900,2014,10,011,2,F,2
7900,2014,10,011,3,F,4
7900,2014,10,011,3,M,2
7900,2014,10,011,4,M,3
7900,2014,10,011,5,F,2
7900,2014,10,011,5,M,14
7900,2014,10,011,6,M,3
7900,2014,10,012,2,F,1
7900,2014,10,012,3,M,1
7900,2014,10,012,4,F,12
7900,2014,10,012,4,M,5
7900,2014,10,012,5,F,7
7900,2014,10,012,5,M,8
7900,2014,10,012,6,M,2
7900,2014,10,013,3,F,2
7900,2014,10,013,3,M,3
7900,2014,10,013,4,F,6
7900,2014,10,013,4,M,9
7900,2014,10,013,5,F,2
7900,2014,10,013,5,M,11
7900,2014,10,013,6,F,1
7900,2014,10,013,6,M,7
7900,2014,10,014,2,F,1
7900,2014,10,014,3,M,1
7900,2014,10,014,4,F,4
7900,2014,10,014,4,M,2
7900,2014,10,014,5,M,2
7900,2014,10,014,6,M,1
7900,2014,10,015,2,M,1
7900,2014,10,015,4,F,2
7900,2014,10,015,4,M,1
7900,2014,10,015,5,M,6
7900,2014,10,015,6,M,2
7900,2014,10,016,2,F,1
7900,2014,10,016,3,F,1
7900,2014,10,016,5,M,2
7900,2014,10,017,4,M,1
7900,2014,10,017,5,F,1
7900,2014,10,017,5,M,1
7900,2014,10,017,6,F,1
7900,2014,10,999,4,F,1
7900,2014,10,999,4,M,1
7900,2014,12,001,1,F,4
7900,2014,12,001,1,M,3
7900,2014,12,001,2,F,4
7900,2014,12,001,2,M,4
7900,2014,12,001,3,F,2
7900,2014,12,001,3,M,8
7900,2014,12,001,4,F,18
7900,2014,12,001,4,M,26
7900,2014,12,001,5,F,10
7900,2014,12,001,5,M,73
7900,2014,12,001,6,F,4
7900,2014,12,001,6,M,22
7900,2014,12,001,7,M,2
7900,2014,12,002,1,F,4
7900,2014,12,002,1,M,24
7900,2014,12,002,2,F,1
7900,2014,12,002,2,M,7
7900,2014,12,002,3,F,6
7900,2014,12,002,3,M,11
7900,2014,12,002,4,F,20
7900,2014,12,002,4,M,42
7900,2014,12,002,5,F,10
7900,2014,12,002,5,M,87
7900,2014,12,002,6,F,1
7900,2014,12,002,6,M,28
7900,2014,12,002,7,M,1
7900,2014,12,003,1,M,1
7900,2014,12,003,2,F,2
7900,2014,12,003,2,M,1
7900,2014,12,003,3,F,2
7900,2014,12,003,3,M,3
7900,2014,12,003,4,F,3
7900,2014,12,003,4,M,4
7900,2014,12,003,5,M,9
7900,2014,12,003,6,M,3
7900,2014,12,004,3,M,3
7900,2014,12,004,4,F,2
7900,2014,12,004,4,M,10
7900,2014,12,004,5,M,7
7900,2014,12,004,7,M,1
7900,2014,12,005,1,M,6
7900,2014,12,005,2,M,2
7900,2014,12,005,3,M,1
7900,2014,12,005,4,F,1
7900,2014,12,005,4,M,3
7900,2014,12,005,5,M,5
7900,2014,12,005,6,M,1
7900,2014,12,006,1,F,1
7900,2014,12,006,1,M,1
7900,2014,12,006,2,F,2
7900,2014,12,006,3,M,2
7900,2014,12,006,4,F,3
7900,2014,12,006,4,M,1
7900,2014,12,006,5,M,13
7900,2014,12,006,6,M,2
7900,2014,12,007,2,M,1
7900,2014,12,007,4,M,2
7900,2014,12,007,5,F,3
7900,2014,12,007,5,M,4
7900,2014,12,007,6,F,1
7900,2014,12,007,6,M,2
7900,2014,12,008,1,M,2
7900,2014,12,008,2,F,2
7900,2014,12,008,2,M,1
7900,2014,12,008,3,F,2
7900,2014,12,008,3,M,5
7900,2014,12,008,4,F,3
7900,2014,12,008,4,M,7
7900,2014,12,008,5,F,2
7900,2014,12,008,5,M,20
7900,2014,12,008,6,M,7
7900,2014,12,009,1,M,1
7900,2014,12,009,2,F,1
7900,2014,12,009,2,M,2
7900,2014,12,009,3,F,3
7900,2014,12,009,3,M,4
7900,2014,12,009,4,F,7
7900,2014,12,009,4,M,3
7900,2014,12,009,5,F,2
7900,2014,12,009,5,M,23
7900,2014,12,009,6,M,19
7900,2014,12,009,7,M,3
7900,2014,12,010,2,M,1
7900,2014,12,010,3,F,1
7900,2014,12,010,3,M,2
7900,2014,12,010,4,F,6
7900,2014,12,010,4,M,7
7900,2014,12,010,5,F,5
7900,2014,12,010,5,M,21
7900,2014,12,010,6,F,5
7900,2014,12,010,6,M,36
7900,2014,12,010,7,M,6
7900,2014,12,011,1,M,2
7900,2014,12,011,3,M,2
7900,2014,12,011,4,F,5
7900,2014,12,011,4,M,5
7900,2014,12,011,5,F,2
7900,2014,12,011,5,M,8
7900,2014,12,011,6,F,1
7900,2014,12,011,6,M,2
7900,2014,12,012,3,M,1
7900,2014,12,012,4,F,1
7900,2014,12,012,4,M,1
7900,2014,12,012,5,M,2
7900,2014,12,013,3,M,1
7900,2014,12,013,4,F,7
7900,2014,12,013,4,M,8
7900,2014,12,013,5,F,6
7900,2014,12,013,5,M,19
7900,2014,12,013,6,M,7
7900,2014,12,014,1,M,1
7900,2014,12,014,2,M,1
7900,2014,12,014,3,M,1
7900,2014,12,014,4,F,5
7900,2014,12,014,4,M,9
7900,2014,12,014,5,M,9
7900,2014,12,014,6,M,3
7900,2014,12,015,1,M,2
7900,2014,12,015,2,F,2
7900,2014,12,015,3,F,3
7900,2014,12,015,3,M,2
7900,2014,12,015,4,F,4
7900,2014,12,015,4,M,7
7900,2014,12,015,5,F,2
7900,2014,12,015,5,M,13
7900,2014,12,015,6,M,5
7900,2014,12,015,7,M,1
7900,2014,12,016,3,M,1
7900,2014,12,016,4,F,2
7900,2014,12,016,4,M,2
7900,2014,12,017,3,F,1
7900,2014,12,017,4,F,2
7900,2014,12,999,4,M,3
7900,2014,12,999,5,M,5
7900,2014,12,999,6,M,5
7900,2014,12,999,7,M,1
7900,2015,02,001,3,M,1
7900,2015,04,001,2,F,3
7900,2015,04,001,2,M,3
7900,2015,04,001,3,F,2
7900,2015,04,001,3,M,6
7900,2015,04,001,4,F,7
7900,2015,04,001,4,M,23
7900,2015,04,001,5,F,12
7900,2015,04,001,5,M,42
7900,2015,04,001,6,F,1
7900,2015,04,001,6,M,27
7900,2015,04,002,1,F,2
7900,2015,04,002,1,M,1
7900,2015,04,002,2,M,4
7900,2015,04,002,3,F,4
7900,2015,04,002,3,M,13
7900,2015,04,002,4,F,14
7900,2015,04,002,4,M,35
7900,2015,04,002,5,F,15
7900,2015,04,002,5,M,68
7900,2015,04,002,6,F,1
7900,2015,04,002,6,M,26
7900,2015,04,002,7,F,2
7900,2015,04,003,2,F,1
7900,2015,04,003,3,F,2
7900,2015,04,003,4,F,1
7900,2015,04,003,4,M,9
7900,2015,04,003,5,F,2
7900,2015,04,003,5,M,10
7900,2015,04,003,6,M,5
7900,2015,04,004,2,M,2
7900,2015,04,004,3,F,2
7900,2015,04,004,3,M,2
7900,2015,04,004,4,F,2
7900,2015,04,004,4,M,3
7900,2015,04,004,5,F,2
7900,2015,04,004,5,M,7
7900,2015,04,004,6,M,3
7900,2015,04,005,2,F,1
7900,2015,04,005,2,M,1
7900,2015,04,005,4,F,2
7900,2015,04,005,4,M,3
7900,2015,04,005,5,M,3
7900,2015,04,005,6,M,1
7900,2015,04,006,2,M,2
7900,2015,04,006,4,F,1
7900,2015,04,006,4,M,1
7900,2015,04,006,5,M,2
7900,2015,04,006,6,M,2
7900,2015,04,007,2,F,1
7900,2015,04,007,2,M,1
7900,2015,04,007,3,M,2
7900,2015,04,007,4,F,4
7900,2015,04,007,5,F,1
7900,2015,04,007,5,M,11
7900,2015,04,007,6,M,6
7900,2015,04,008,2,M,1
7900,2015,04,008,3,F,1
7900,2015,04,008,3,M,2
7900,2015,04,008,4,M,2
7900,2015,04,008,5,F,1
7900,2015,04,008,5,M,15
7900,2015,04,008,6,F,1
7900,2015,04,008,6,M,12
7900,2015,04,009,2,M,2
7900,2015,04,009,3,F,2
7900,2015,04,009,3,M,1
7900,2015,04,009,4,F,5
7900,2015,04,009,4,M,6
7900,2015,04,009,5,F,5
7900,2015,04,009,5,M,19
7900,2015,04,009,6,M,13
7900,2015,04,010,2,M,1
7900,2015,04,010,3,F,1
7900,2015,04,010,3,M,1
7900,2015,04,010,4,F,2
7900,2015,04,010,4,M,7
7900,2015,04,010,5,M,5
7900,2015,04,010,6,M,3
7900,2015,04,010,7,M,1
7900,2015,04,011,2,M,2
7900,2015,04,011,3,M,3
7900,2015,04,011,4,F,3
7900,2015,04,011,4,M,7
7900,2015,04,011,5,F,5
7900,2015,04,011,5,M,16
7900,2015,04,011,6,M,3
7900,2015,04,012,1,F,1
7900,2015,04,012,3,F,1
7900,2015,04,012,3,M,1
7900,2015,04,012,4,F,2
7900,2015,04,012,4,M,1
7900,2015,04,012,5,M,4
7900,2015,04,013,1,M,1
7900,2015,04,013,2,F,2
7900,2015,04,013,2,M,1
7900,2015,04,013,3,F,2
7900,2015,04,013,3,M,4
7900,2015,04,013,4,F,18
7900,2015,04,013,4,M,6
7900,2015,04,013,5,F,4
7900,2015,04,013,5,M,27
7900,2015,04,013,6,F,1
7900,2015,04,013,6,M,32
7900,2015,04,013,7,M,1
7900,2015,04,014,3,F,2
7900,2015,04,014,4,F,3
7900,2015,04,014,4,M,5
7900,2015,04,014,5,F,1
7900,2015,04,014,5,M,4
7900,2015,04,014,6,M,1
7900,2015,04,015,2,F,1
7900,2015,04,015,3,F,2
7900,2015,04,015,3,M,1
7900,2015,04,015,4,F,4
7900,2015,04,015,4,M,4
7900,2015,04,015,5,F,1
7900,2015,04,015,5,M,1
7900,2015,04,015,6,M,2
7900,2015,04,016,4,F,2
7900,2015,04,016,5,M,3
7900,2015,04,016,6,M,1
7900,2015,04,017,2,M,1
7900,2015,04,017,3,M,1
7900,2015,04,017,4,M,1
7900,2015,04,017,5,F,1
7900,2015,04,017,5,M,1
7900,2015,04,017,6,M,1
7900,2015,04,999,5,F,1
7900,2015,06,001,1,M,1
7900,2015,06,001,2,F,2
7900,2015,06,001,2,M,2
7900,2015,06,001,3,F,8
7900,2015,06,001,3,M,10
7900,2015,06,001,4,F,16
7900,2015,06,001,4,M,30
7900,2015,06,001,5,F,21
7900,2015,06,001,5,M,63
7900,2015,06,001,6,F,2
7900,2015,06,001,6,M,37
7900,2015,06,001,7,M,1
7900,2015,06,002,1,F,1
7900,2015,06,002,2,F,6
7900,2015,06,002,2,M,4
7900,2015,06,002,3,F,4
7900,2015,06,002,3,M,11
7900,2015,06,002,4,F,27
7900,2015,06,002,4,M,31
7900,2015,06,002,5,F,19
7900,2015,06,002,5,M,92
7900,2015,06,002,6,F,2
7900,2015,06,002,6,M,37
7900,2015,06,003,2,M,2
7900,2015,06,003,3,F,1
7900,2015,06,003,4,F,3
7900,2015,06,003,4,M,6
7900,2015,06,003,5,M,8
7900,2015,06,003,6,M,7
7900,2015,06,004,2,F,1
7900,2015,06,004,3,F,1
7900,2015,06,004,3,M,3
7900,2015,06,004,4,F,3
7900,2015,06,004,4,M,9
7900,2015,06,004,5,F,2
7900,2015,06,004,5,M,5
7900,2015,06,004,6,M,3
7900,2015,06,005,2,F,3
7900,2015,06,005,3,F,2
7900,2015,06,005,4,F,1
7900,2015,06,005,4,M,4
7900,2015,06,005,5,M,1
7900,2015,06,006,2,F,2
7900,2015,06,006,3,F,1
7900,2015,06,006,3,M,2
7900,2015,06,006,4,F,2
7900,2015,06,006,4,M,6
7900,2015,06,006,5,M,6
7900,2015,06,006,6,F,1
7900,2015,06,006,6,M,2
7900,2015,06,007,1,F,1
7900,2015,06,007,1,M,3
7900,2015,06,007,2,M,1
7900,2015,06,007,3,F,1
7900,2015,06,007,4,F,1
7900,2015,06,007,4,M,4
7900,2015,06,007,5,F,1
7900,2015,06,007,5,M,9
7900,2015,06,007,6,F,1
7900,2015,06,007,6,M,5
7900,2015,06,008,1,F,2
7900,2015,06,008,1,M,1
7900,2015,06,008,2,F,2
7900,2015,06,008,2,M,1
7900,2015,06,008,3,F,2
7900,2015,06,008,3,M,4
7900,2015,06,008,4,F,3
7900,2015,06,008,4,M,6
7900,2015,06,008,5,F,2
7900,2015,06,008,5,M,14
7900,2015,06,008,6,M,15
7900,2015,06,009,1,F,1
7900,2015,06,009,1,M,2
7900,2015,06,009,2,F,1
7900,2015,06,009,2,M,3
7900,2015,06,009,3,F,3
7900,2015,06,009,3,M,2
7900,2015,06,009,4,F,13
7900,2015,06,009,4,M,6
7900,2015,06,009,5,F,9
7900,2015,06,009,5,M,21
7900,2015,06,009,6,F,1
7900,2015,06,009,6,M,24
7900,2015,06,010,2,M,2
7900,2015,06,010,3,M,1
7900,2015,06,010,4,F,2
7900,2015,06,010,4,M,3
7900,2015,06,010,5,M,5
7900,2015,06,010,6,M,1
7900,2015,06,011,2,F,1
7900,2015,06,011,3,F,6
7900,2015,06,011,3,M,1
7900,2015,06,011,4,F,8
7900,2015,06,011,4,M,14
7900,2015,06,011,5,F,2
7900,2015,06,011,5,M,15
7900,2015,06,011,6,F,1
7900,2015,06,011,6,M,4
7900,2015,06,012,2,F,1
7900,2015,06,012,3,F,2
7900,2015,06,012,3,M,1
7900,2015,06,012,4,F,5
7900,2015,06,012,4,M,4
7900,2015,06,012,5,F,3
7900,2015,06,012,5,M,5
7900,2015,06,013,1,F,1
7900,2015,06,013,1,M,2
7900,2015,06,013,2,F,2
7900,2015,06,013,2,M,2
7900,2015,06,013,3,F,2
7900,2015,06,013,3,M,4
7900,2015,06,013,4,F,4
7900,2015,06,013,4,M,5
7900,2015,06,013,5,F,1
7900,2015,06,013,5,M,23
7900,2015,06,013,6,F,2
7900,2015,06,013,6,M,28
7900,2015,06,014,2,F,2
7900,2015,06,014,2,M,1
7900,2015,06,014,3,M,1
7900,2015,06,014,4,F,7
7900,2015,06,014,4,M,3
7900,2015,06,014,5,F,1
7900,2015,06,014,5,M,4
7900,2015,06,014,6,M,3
7900,2015,06,015,2,M,1
7900,2015,06,015,4,F,3
7900,2015,06,015,4,M,7
7900,2015,06,015,5,F,2
7900,2015,06,015,5,M,3
7900,2015,06,015,6,M,4
7900,2015,06,016,2,M,1
7900,2015,06,016,3,F,1
7900,2015,06,016,4,F,2
7900,2015,06,016,5,F,1
7900,2015,06,016,5,M,4
7900,2015,06,016,6,M,2
7900,2015,06,017,1,F,1
7900,2015,06,017,4,M,3
7900,2015,06,017,5,M,1
7900,2015,06,017,6,F,1
7900,2015,06,017,6,M,2
7900,2015,06,999,3,M,1
7900,2015,06,999,4,M,1
7900,2015,06,999,5,M,1
7900,2015,06,999,6,M,2
7900,2015,07,001,1,F,7
7900,2015,07,001,1,M,6
7900,2015,07,002,1,F,93
7900,2015,07,002,1,M,85
7900,2015,07,003,1,F,2
7900,2015,07,003,1,M,16
7900,2015,07,004,1,F,17
7900,2015,07,004,1,M,37
7900,2015,07,005,1,F,22
7900,2015,07,005,1,M,24
7900,2015,07,006,1,F,58
7900,2015,07,006,1,M,61
7900,2015,07,006,2,M,1
7900,2015,07,007,1,F,8
7900,2015,07,007,1,M,14
7900,2015,07,008,1,F,21
7900,2015,07,008,1,M,46
7900,2015,07,009,1,F,14
7900,2015,07,009,1,M,29
7900,2015,07,010,1,F,35
7900,2015,07,010,1,M,55
7900,2015,07,010,2,F,1
7900,2015,07,011,1,F,53
7900,2015,07,011,1,M,55
7900,2015,07,012,1,F,10
7900,2015,07,012,1,M,18
7900,2015,07,013,1,F,10
7900,2015,07,013,1,M,17
7900,2015,07,014,1,F,33
7900,2015,07,014,1,M,13
7900,2015,07,015,1,F,16
7900,2015,07,015,1,M,31
7900,2015,07,015,2,M,1
7900,2015,07,016,1,M,9
7900,2015,07,017,1,F,3
7900,2015,07,017,1,M,3
7900,2015,07,999,1,F,16
7900,2015,07,999,1,M,11
7900,2015,10,001,2,F,1
7900,2015,10,001,2,M,4
7900,2015,10,001,3,F,2
7900,2015,10,001,3,M,11
7900,2015,10,001,4,F,12
7900,2015,10,001,4,M,22
7900,2015,10,001,5,F,9
7900,2015,10,001,5,M,68
7900,2015,10,001,6,F,3
7900,2015,10,001,6,M,33
7900,2015,10,001,7,M,1
7900,2015,10,002,1,M,2
7900,2015,10,002,2,F,4
7900,2015,10,002,2,M,12
7900,2015,10,002,3,F,8
7900,2015,10,002,3,M,15
7900,2015,10,002,4,F,31
7900,2015,10,002,4,M,32
7900,2015,10,002,5,F,30
7900,2015,10,002,5,M,86
7900,2015,10,002,6,F,1
7900,2015,10,002,6,M,43
7900,2015,10,002,7,M,3
7900,2015,10,003,2,M,2
7900,2015,10,003,3,F,1
7900,2015,10,003,4,F,5
7900,2015,10,003,5,F,4
7900,2015,10,003,5,M,12
7900,2015,10,003,6,M,5
7900,2015,10,004,1,M,4
7900,2015,10,004,2,F,2
7900,2015,10,004,2,M,1
7900,2015,10,004,3,M,2
7900,2015,10,004,4,F,2
7900,2015,10,004,4,M,8
7900,2015,10,004,5,F,1
7900,2015,10,004,5,M,7
7900,2015,10,004,6,M,5
7900,2015,10,005,4,F,2
7900,2015,10,005,4,M,3
7900,2015,10,005,5,M,1
7900,2015,10,005,6,M,1
7900,2015,10,006,2,M,2
7900,2015,10,006,3,F,1
7900,2015,10,006,4,F,1
7900,2015,10,006,4,M,4
7900,2015,10,006,5,F,1
7900,2015,10,006,5,M,9
7900,2015,10,006,6,M,1
7900,2015,10,007,1,M,2
7900,2015,10,007,2,M,1
7900,2015,10,007,3,F,2
7900,2015,10,007,4,F,3
7900,2015,10,007,4,M,3
7900,2015,10,007,5,F,2
7900,2015,10,007,5,M,6
7900,2015,10,007,6,M,6
7900,2015,10,008,2,F,2
7900,2015,10,008,2,M,2
7900,2015,10,008,3,M,1
7900,2015,10,008,4,F,11
7900,2015,10,008,4,M,6
7900,2015,10,008,5,F,5
7900,2015,10,008,5,M,25
7900,2015,10,008,6,F,1
7900,2015,10,008,6,M,12
7900,2015,10,009,2,F,5
7900,2015,10,009,2,M,1
7900,2015,10,009,3,F,4
7900,2015,10,009,3,M,4
7900,2015,10,009,4,F,4
7900,2015,10,009,4,M,11
7900,2015,10,009,5,F,5
7900,2015,10,009,5,M,40
7900,2015,10,009,6,F,1
7900,2015,10,009,6,M,28
7900,2015,10,010,2,F,1
7900,2015,10,010,2,M,1
7900,2015,10,010,3,F,2
7900,2015,10,010,3,M,1
7900,2015,10,010,4,F,6
7900,2015,10,010,4,M,7
7900,2015,10,010,5,F,5
7900,2015,10,010,5,M,9
7900,2015,10,010,6,F,2
7900,2015,10,010,6,M,6
7900,2015,10,011,2,F,1
7900,2015,10,011,2,M,1
7900,2015,10,011,3,F,1
7900,2015,10,011,3,M,3
7900,2015,10,011,4,F,2
7900,2015,10,011,4,M,8
7900,2015,10,011,5,F,6
7900,2015,10,011,5,M,20
7900,2015,10,011,6,F,1
7900,2015,10,011,6,M,5
7900,2015,10,012,3,F,1
7900,2015,10,012,3,M,3
7900,2015,10,012,4,F,5
7900,2015,10,012,4,M,5
7900,2015,10,012,5,F,2
7900,2015,10,012,5,M,6
7900,2015,10,012,6,F,2
7900,2015,10,012,6,M,6
7900,2015,10,013,1,M,3
7900,2015,10,013,2,F,1
7900,2015,10,013,2,M,1
7900,2015,10,013,3,F,4
7900,2015,10,013,3,M,5
7900,2015,10,013,4,F,1
7900,2015,10,013,4,M,11
7900,2015,10,013,5,F,5
7900,2015,10,013,5,M,35
7900,2015,10,013,6,F,3
7900,2015,10,013,6,M,33
7900,2015,10,014,3,M,2
7900,2015,10,014,4,M,3
7900,2015,10,014,5,M,5
7900,2015,10,014,6,M,1
7900,2015,10,015,2,M,1
7900,2015,10,015,3,F,1
7900,2015,10,015,3,M,1
7900,2015,10,015,4,F,2
7900,2015,10,015,4,M,4
7900,2015,10,015,5,F,1
7900,2015,10,015,5,M,6
7900,2015,10,015,6,F,1
7900,2015,10,015,6,M,4
7900,2015,10,016,2,F,1
7900,2015,10,016,3,M,1
7900,2015,10,016,4,F,3
7900,2015,10,016,4,M,1
7900,2015,10,016,5,M,3
7900,2015,10,016,6,M,1
7900,2015,10,017,4,F,1
7900,2015,10,017,5,M,2
7900,2015,10,017,6,M,1
7900,2015,10,999,1,M,1
7900,2015,10,999,4,F,1
7900,2015,10,999,5,F,1
7900,2015,10,999,6,M,2
7900,2015,11,008,6,M,1
7900,2015,11,011,4,F,1
7900,2015,11,011,4,M,1
7900,2015,12,001,1,F,2
7900,2015,12,001,2,F,2
7900,2015,12,001,2,M,4
7900,2015,12,001,3,F,3
7900,2015,12,001,3,M,10
7900,2015,12,001,4,F,4
7900,2015,12,001,4,M,10
7900,2015,12,001,5,F,9
7900,2015,12,001,5,M,38
7900,2015,12,001,6,F,2
7900,2015,12,001,6,M,25
7900,2015,12,002,1,F,5
7900,2015,12,002,1,M,25
7900,2015,12,002,2,F,3
7900,2015,12,002,2,M,6
7900,2015,12,002,3,F,4
7900,2015,12,002,3,M,7
7900,2015,12,002,4,F,10
7900,2015,12,002,4,M,23
7900,2015,12,002,5,F,4
7900,2015,12,002,5,M,43
7900,2015,12,002,6,M,18
7900,2015,12,003,3,F,2
7900,2015,12,003,3,M,2
7900,2015,12,003,4,F,2
7900,2015,12,003,4,M,2
7900,2015,12,003,5,F,1
7900,2015,12,003,5,M,6
7900,2015,12,003,6,M,2
7900,2015,12,004,2,F,1
7900,2015,12,004,2,M,1
7900,2015,12,004,3,F,1
7900,2015,12,004,3,M,1
7900,2015,12,004,4,F,3
7900,2015,12,004,4,M,3
7900,2015,12,004,5,F,1
7900,2015,12,004,5,M,8
7900,2015,12,004,6,M,3
7900,2015,12,005,1,F,1
7900,2015,12,005,1,M,4
7900,2015,12,005,4,M,2
7900,2015,12,005,5,F,1
7900,2015,12,005,5,M,8
7900,2015,12,005,6,M,2
7900,2015,12,006,1,M,7
7900,2015,12,006,3,F,1
7900,2015,12,006,3,M,1
7900,2015,12,006,4,M,4
7900,2015,12,006,5,M,5
7900,2015,12,006,6,M,1
7900,2015,12,007,1,F,1
7900,2015,12,007,3,F,1
7900,2015,12,007,3,M,1
7900,2015,12,007,4,F,1
7900,2015,12,007,4,M,4
7900,2015,12,007,5,M,6
7900,2015,12,008,2,F,1
7900,2015,12,008,2,M,4
7900,2015,12,008,3,F,1
7900,2015,12,008,3,M,2
7900,2015,12,008,4,F,3
7900,2015,12,008,4,M,2
7900,2015,12,008,5,F,1
7900,2015,12,008,5,M,8
7900,2015,12,008,6,M,9
7900,2015,12,009,2,F,1
7900,2015,12,009,3,F,3
7900,2015,12,009,4,F,4
7900,2015,12,009,4,M,5
7900,2015,12,009,5,F,4
7900,2015,12,009,5,M,13
7900,2015,12,009,6,F,1
7900,2015,12,009,6,M,13
7900,2015,12,009,7,M,3
7900,2015,12,010,1,M,1
7900,2015,12,010,2,F,3
7900,2015,12,010,2,M,2
7900,2015,12,010,4,F,4
7900,2015,12,010,4,M,7
7900,2015,12,010,5,F,1
7900,2015,12,010,5,M,19
7900,2015,12,010,6,F,2
7900,2015,12,010,6,M,33
7900,2015,12,010,7,M,5
7900,2015,12,011,2,M,2
7900,2015,12,011,3,F,1
7900,2015,12,011,3,M,2
7900,2015,12,011,4,F,3
7900,2015,12,011,4,M,5
7900,2015,12,011,5,F,2
7900,2015,12,011,5,M,6
7900,2015,12,011,6,M,3
7900,2015,12,012,2,F,1
7900,2015,12,012,3,F,1
7900,2015,12,012,4,M,1
7900,2015,12,012,7,M,1
7900,2015,12,013,2,F,3
7900,2015,12,013,2,M,1
7900,2015,12,013,3,F,1
7900,2015,12,013,3,M,4
7900,2015,12,013,4,F,7
7900,2015,12,013,4,M,7
7900,2015,12,013,5,F,1
7900,2015,12,013,5,M,17
7900,2015,12,013,6,F,1
7900,2015,12,013,6,M,10
7900,2015,12,013,7,M,1
7900,2015,12,014,3,F,1
7900,2015,12,014,3,M,1
7900,2015,12,014,4,M,1
7900,2015,12,014,5,M,5
7900,2015,12,014,6,M,3
7900,2015,12,014,7,M,1
7900,2015,12,015,2,F,1
7900,2015,12,015,4,F,1
7900,2015,12,015,5,F,1
7900,2015,12,015,5,M,6
7900,2015,12,015,6,M,5
7900,2015,12,015,7,M,1
7900,2015,12,016,3,M,1
7900,2015,12,016,4,M,2
7900,2015,12,016,5,M,2
7900,2015,12,017,2,F,1
7900,2015,12,017,3,F,1
7900,2015,12,017,4,M,1
7900,2015,12,017,5,M,1
7900,2015,12,999,3,M,1
7900,2015,12,999,4,M,2
7900,2015,12,999,5,M,4
7900,2016,01,001,3,M,1
7900,2016,04,001,2,F,1
7900,2016,04,001,3,F,3
7900,2016,04,001,3,M,4
7900,2016,04,001,4,F,9
7900,2016,04,001,4,M,14
7900,2016,04,001,5,F,9
7900,2016,04,001,5,M,53
7900,2016,04,001,6,F,3
7900,2016,04,001,6,M,39
7900,2016,04,001,7,M,1
7900,2016,04,002,2,F,2
7900,2016,04,002,2,M,6
7900,2016,04,002,3,F,4
7900,2016,04,002,3,M,9
7900,2016,04,002,4,F,11
7900,2016,04,002,4,M,33
7900,2016,04,002,5,F,13
7900,2016,04,002,5,M,53
7900,2016,04,002,6,F,3
7900,2016,04,002,6,M,32
7900,2016,04,002,7,M,1
7900,2016,04,003,2,M,1
7900,2016,04,003,4,F,4
7900,2016,04,003,4,M,1
7900,2016,04,003,5,F,1
7900,2016,04,003,5,M,13
7900,2016,04,003,6,F,1
7900,2016,04,003,6,M,5
7900,2016,04,004,2,M,2
7900,2016,04,004,3,F,2
7900,2016,04,004,3,M,2
7900,2016,04,004,4,F,2
7900,2016,04,004,4,M,3
7900,2016,04,004,5,F,1
7900,2016,04,004,5,M,8
7900,2016,04,004,6,M,2
7900,2016,04,005,4,M,4
7900,2016,04,005,5,F,1
7900,2016,04,005,5,M,6
7900,2016,04,005,6,M,2
7900,2016,04,006,2,F,2
7900,2016,04,006,3,M,1
7900,2016,04,006,4,M,4
7900,2016,04,006,5,F,4
7900,2016,04,006,5,M,2
7900,2016,04,006,6,M,3
7900,2016,04,007,3,F,1
7900,2016,04,007,4,F,3
7900,2016,04,007,4,M,6
7900,2016,04,007,5,F,1
7900,2016,04,007,5,M,9
7900,2016,04,007,6,M,16
7900,2016,04,008,2,M,1
7900,2016,04,008,3,F,4
7900,2016,04,008,3,M,1
7900,2016,04,008,4,F,3
7900,2016,04,008,4,M,7
7900,2016,04,008,5,M,12
7900,2016,04,008,6,M,15
7900,2016,04,008,7,M,2
7900,2016,04,009,4,F,8
7900,2016,04,009,4,M,12
7900,2016,04,009,5,F,2
7900,2016,04,009,5,M,20
7900,2016,04,009,6,F,2
7900,2016,04,009,6,M,23
7900,2016,04,009,7,M,1
7900,2016,04,010,3,F,1
7900,2016,04,010,3,M,2
7900,2016,04,010,4,F,3
7900,2016,04,010,4,M,3
7900,2016,04,010,5,F,1
7900,2016,04,010,5,M,4
7900,2016,04,010,6,F,1
7900,2016,04,010,6,M,7
7900,2016,04,010,7,M,1
7900,2016,04,011,3,F,1
7900,2016,04,011,3,M,1
7900,2016,04,011,4,F,1
7900,2016,04,011,4,M,4
7900,2016,04,011,5,F,2
7900,2016,04,011,5,M,12
7900,2016,04,011,6,M,6
7900,2016,04,012,4,F,1
7900,2016,04,012,4,M,2
7900,2016,04,013,2,M,2
7900,2016,04,013,3,F,1
7900,2016,04,013,3,M,2
7900,2016,04,013,4,F,7
7900,2016,04,013,4,M,3
7900,2016,04,013,5,F,4
7900,2016,04,013,5,M,23
7900,2016,04,013,6,F,2
7900,2016,04,013,6,M,19
7900,2016,04,014,2,F,1
7900,2016,04,014,3,M,1
7900,2016,04,014,4,F,2
7900,2016,04,014,5,M,8
7900,2016,04,014,6,M,2
7900,2016,04,015,4,F,3
7900,2016,04,015,4,M,2
7900,2016,04,015,5,F,1
7900,2016,04,015,5,M,4
7900,2016,04,015,6,M,3
7900,2016,04,016,3,F,2
7900,2016,04,016,4,M,3
7900,2016,04,016,5,M,3
7900,2016,04,017,2,F,1
7900,2016,04,017,4,M,1
7900,2016,04,017,5,F,1
7900,2016,04,017,5,M,7
7900,2016,04,017,6,M,3
7900,2016,04,999,5,M,1
7900,2016,06,001,1,M,1
7900,2016,06,001,2,F,1
7900,2016,06,001,2,M,1
7900,2016,06,001,3,F,3
7900,2016,06,001,3,M,5
7900,2016,06,001,4,F,10
7900,2016,06,001,4,M,16
7900,2016,06,001,5,F,8
7900,2016,06,001,5,M,59
7900,2016,06,001,6,F,1
7900,2016,06,001,6,M,40
7900,2016,06,001,7,M,1
7900,2016,06,002,1,M,1
7900,2016,06,002,2,F,4
7900,2016,06,002,2,M,2
7900,2016,06,002,3,F,6
7900,2016,06,002,3,M,9
7900,2016,06,002,4,F,20
7900,2016,06,002,4,M,19
7900,2016,06,002,5,F,14
7900,2016,06,002,5,M,62
7900,2016,06,002,6,F,2
7900,2016,06,002,6,M,32
7900,2016,06,003,1,M,1
7900,2016,06,003,2,F,1
7900,2016,06,003,2,M,2
7900,2016,06,003,3,M,2
7900,2016,06,003,4,F,1
7900,2016,06,003,4,M,4
7900,2016,06,003,5,M,12
7900,2016,06,003,6,M,5
7900,2016,06,004,1,M,1
7900,2016,06,004,2,F,1
7900,2016,06,004,3,F,1
7900,2016,06,004,4,F,4
7900,2016,06,004,4,M,6
7900,2016,06,004,5,F,1
7900,2016,06,004,5,M,12
7900,2016,06,004,6,F,1
7900,2016,06,004,6,M,6
7900,2016,06,005,4,F,1
7900,2016,06,005,4,M,1
7900,2016,06,006,1,M,1
7900,2016,06,006,3,F,1
7900,2016,06,006,4,F,1
7900,2016,06,006,5,F,2
7900,2016,06,006,5,M,5
7900,2016,06,006,6,M,3
7900,2016,06,007,1,F,1
7900,2016,06,007,1,M,1
7900,2016,06,007,3,F,1
7900,2016,06,007,4,M,2
7900,2016,06,007,5,M,6
7900,2016,06,007,6,F,1
7900,2016,06,007,6,M,4
7900,2016,06,008,2,F,1
7900,2016,06,008,2,M,2
7900,2016,06,008,3,F,1
7900,2016,06,008,3,M,3
7900,2016,06,008,4,F,3
7900,2016,06,008,4,M,8
7900,2016,06,008,5,F,4
7900,2016,06,008,5,M,16
7900,2016,06,008,6,M,17
7900,2016,06,008,7,M,1
7900,2016,06,009,2,M,1
7900,2016,06,009,3,F,1
7900,2016,06,009,3,M,1
7900,2016,06,009,4,F,4
7900,2016,06,009,4,M,7
7900,2016,06,009,5,F,4
7900,2016,06,009,5,M,10
7900,2016,06,009,6,M,17
7900,2016,06,010,1,M,1
7900,2016,06,010,2,F,1
7900,2016,06,010,4,F,3
7900,2016,06,010,4,M,6
7900,2016,06,010,5,F,4
7900,2016,06,010,5,M,10
7900,2016,06,010,6,F,2
7900,2016,06,010,6,M,9
7900,2016,06,010,7,M,4
7900,2016,06,011,2,F,1
7900,2016,06,011,2,M,1
7900,2016,06,011,3,F,3
7900,2016,06,011,4,F,4
7900,2016,06,011,4,M,7
7900,2016,06,011,5,M,6
7900,2016,06,011,6,M,5
7900,2016,06,012,2,F,2
7900,2016,06,012,2,M,1
7900,2016,06,012,4,F,2
7900,2016,06,012,4,M,1
7900,2016,06,012,5,M,2
7900,2016,06,013,1,M,1
7900,2016,06,013,2,M,3
7900,2016,06,013,3,F,2
7900,2016,06,013,3,M,4
7900,2016,06,013,4,F,3
7900,2016,06,013,4,M,5
7900,2016,06,013,5,F,2
7900,2016,06,013,5,M,23
7900,2016,06,013,6,M,15
7900,2016,06,014,4,F,4
7900,2016,06,014,4,M,2
7900,2016,06,014,5,M,3
7900,2016,06,014,6,F,1
7900,2016,06,014,6,M,1
7900,2016,06,015,2,F,1
7900,2016,06,015,2,M,1
7900,2016,06,015,3,F,1
7900,2016,06,015,3,M,2
7900,2016,06,015,4,F,4
7900,2016,06,015,4,M,1
7900,2016,06,015,5,F,3
7900,2016,06,015,5,M,2
7900,2016,06,015,6,M,3
7900,2016,06,016,4,F,1
7900,2016,06,016,5,M,1
7900,2016,06,016,6,M,2
7900,2016,06,017,4,M,1
7900,2016,06,017,5,M,1
7900,2016,06,017,6,M,1
7900,2016,07,001,1,F,13
7900,2016,07,001,1,M,12
7900,2016,07,002,1,F,58
7900,2016,07,002,1,M,117
7900,2016,07,003,1,F,2
7900,2016,07,003,1,M,5
7900,2016,07,004,1,F,26
7900,2016,07,004,1,M,48
7900,2016,07,005,1,F,14
7900,2016,07,005,1,M,18
7900,2016,07,006,1,F,51
7900,2016,07,006,1,M,44
7900,2016,07,007,1,F,8
7900,2016,07,007,1,M,16
7900,2016,07,008,1,F,22
7900,2016,07,008,1,M,71
7900,2016,07,009,1,F,12
7900,2016,07,009,1,M,33
7900,2016,07,009,4,F,1
7900,2016,07,010,1,F,13
7900,2016,07,010,1,M,83
7900,2016,07,011,1,F,48
7900,2016,07,011,1,M,48
7900,2016,07,012,1,F,7
7900,2016,07,012,1,M,16
7900,2016,07,013,1,F,4
7900,2016,07,013,1,M,28
7900,2016,07,014,1,F,32
7900,2016,07,014,1,M,27
7900,2016,07,015,1,F,23
7900,2016,07,015,1,M,28
7900,2016,07,016,1,F,2
7900,2016,07,016,1,M,14
7900,2016,07,017,1,F,4
7900,2016,07,017,1,M,2
7900,2016,10,001,2,F,5
7900,2016,10,001,2,M,3
7900,2016,10,001,3,F,4
7900,2016,10,001,3,M,8
7900,2016,10,001,4,F,20
7900,2016,10,001,4,M,22
7900,2016,10,001,5,F,14
7900,2016,10,001,5,M,62
7900,2016,10,001,6,F,4
7900,2016,10,001,6,M,41
7900,2016,10,002,1,M,2
7900,2016,10,002,2,F,8
7900,2016,10,002,2,M,7
7900,2016,10,002,3,F,8
7900,2016,10,002,3,M,11
7900,2016,10,002,4,F,39
7900,2016,10,002,4,M,41
7900,2016,10,002,5,F,27
7900,2016,10,002,5,M,97
7900,2016,10,002,6,F,2
7900,2016,10,002,6,M,52
7900,2016,10,002,7,M,1
7900,2016,10,003,2,F,2
7900,2016,10,003,2,M,1
7900,2016,10,003,3,F,1
7900,2016,10,003,3,M,1
7900,2016,10,003,4,F,7
7900,2016,10,003,4,M,7
7900,2016,10,003,5,F,7
7900,2016,10,003,5,M,8
7900,2016,10,003,6,F,2
7900,2016,10,003,6,M,20
7900,2016,10,003,7,M,2
7900,2016,10,004,1,M,2
7900,2016,10,004,2,F,1
7900,2016,10,004,3,F,2
7900,2016,10,004,4,F,1
7900,2016,10,004,4,M,1
7900,2016,10,004,5,F,1
7900,2016,10,004,5,M,8
7900,2016,10,004,6,M,5
7900,2016,10,005,2,M,1
7900,2016,10,005,3,F,1
7900,2016,10,005,3,M,3
7900,2016,10,005,4,M,3
7900,2016,10,005,5,F,1
7900,2016,10,005,5,M,3
7900,2016,10,005,6,M,3
7900,2016,10,006,1,F,10
7900,2016,10,006,1,M,8
7900,2016,10,006,2,M,3
7900,2016,10,006,3,F,3
7900,2016,10,006,3,M,3
7900,2016,10,006,4,M,4
7900,2016,10,006,5,F,4
7900,2016,10,006,5,M,10
7900,2016,10,006,6,M,9
7900,2016,10,007,1,M,1
7900,2016,10,007,2,F,1
7900,2016,10,007,3,F,1
7900,2016,10,007,4,F,2
7900,2016,10,007,4,M,3
7900,2016,10,007,5,M,12
7900,2016,10,007,6,M,10
7900,2016,10,008,2,F,2
7900,2016,10,008,2,M,1
7900,2016,10,008,3,F,1
7900,2016,10,008,3,M,3
7900,2016,10,008,4,F,6
7900,2016,10,008,4,M,8
7900,2016,10,008,5,F,3
7900,2016,10,008,5,M,10
7900,2016,10,008,6,M,8
7900,2016,10,009,1,M,1
7900,2016,10,009,2,F,1
7900,2016,10,009,2,M,2
7900,2016,10,009,3,F,2
7900,2016,10,009,3,M,4
7900,2016,10,009,4,F,9
7900,2016,10,009,4,M,11
7900,2016,10,009,5,F,7
7900,2016,10,009,5,M,39
7900,2016,10,009,6,F,1
7900,2016,10,009,6,M,37
7900,2016,10,009,7,M,1
7900,2016,10,010,1,F,1
7900,2016,10,010,3,F,2
7900,2016,10,010,3,M,1
7900,2016,10,010,4,F,3
7900,2016,10,010,4,M,3
7900,2016,10,010,5,F,1
7900,2016,10,010,5,M,7
7900,2016,10,010,6,F,1
7900,2016,10,010,6,M,6
7900,2016,10,011,1,M,1
7900,2016,10,011,2,F,2
7900,2016,10,011,2,M,2
7900,2016,10,011,3,F,1
7900,2016,10,011,3,M,1
7900,2016,10,011,4,F,6
7900,2016,10,011,4,M,17
7900,2016,10,011,5,F,3
7900,2016,10,011,5,M,13
7900,2016,10,011,6,M,13
7900,2016,10,012,3,F,1
7900,2016,10,012,3,M,2
7900,2016,10,012,4,F,5
7900,2016,10,012,4,M,1
7900,2016,10,012,5,F,1
7900,2016,10,012,5,M,9
7900,2016,10,012,6,M,5
7900,2016,10,012,7,M,1
7900,2016,10,013,1,M,2
7900,2016,10,013,2,F,1
7900,2016,10,013,3,F,2
7900,2016,10,013,3,M,3
7900,2016,10,013,4,F,4
7900,2016,10,013,4,M,9
7900,2016,10,013,5,F,5
7900,2016,10,013,5,M,18
7900,2016,10,013,6,F,3
7900,2016,10,013,6,M,28
7900,2016,10,013,7,M,1
7900,2016,10,014,2,M,1
7900,2016,10,014,3,M,2
7900,2016,10,014,4,F,3
7900,2016,10,014,4,M,2
7900,2016,10,014,5,M,3
7900,2016,10,014,6,M,1
7900,2016,10,015,2,F,1
7900,2016,10,015,2,M,1
7900,2016,10,015,3,F,4
7900,2016,10,015,3,M,5
7900,2016,10,015,4,F,4
7900,2016,10,015,4,M,3
7900,2016,10,015,5,F,4
7900,2016,10,015,5,M,15
7900,2016,10,015,6,F,1
7900,2016,10,015,6,M,3
7900,2016,10,016,1,M,1
7900,2016,10,016,2,F,1
7900,2016,10,016,2,M,1
7900,2016,10,016,3,F,1
7900,2016,10,016,3,M,2
7900,2016,10,016,4,M,5
7900,2016,10,016,5,F,1
7900,2016,10,016,5,M,4
7900,2016,10,016,6,M,1
7900,2016,10,017,1,F,3
7900,2016,10,017,1,M,1
7900,2016,10,017,5,F,1
7900,2016,10,017,5,M,2
7900,2016,10,017,6,M,1
7900,2016,11,011,4,F,1
7900,2016,12,001,1,F,3
7900,2016,12,001,1,M,1
7900,2016,12,001,2,F,1
7900,2016,12,001,2,M,7
7900,2016,12,001,3,F,3
7900,2016,12,001,3,M,5
7900,2016,12,001,4,F,10
7900,2016,12,001,4,M,23
7900,2016,12,001,5,F,6
7900,2016,12,001,5,M,57
7900,2016,12,001,6,M,34
7900,2016,12,001,7,M,2
7900,2016,12,002,1,F,2
7900,2016,12,002,1,M,7
7900,2016,12,002,2,F,3
7900,2016,12,002,2,M,11
7900,2016,12,002,3,F,6
7900,2016,12,002,3,M,3
7900,2016,12,002,4,F,18
7900,2016,12,002,4,M,22
7900,2016,12,002,5,F,14
7900,2016,12,002,5,M,94
7900,2016,12,002,6,F,3
7900,2016,12,002,6,M,55
7900,2016,12,002,7,M,1
7900,2016,12,003,2,M,1
7900,2016,12,003,3,M,2
7900,2016,12,003,4,F,7
7900,2016,12,003,4,M,5
7900,2016,12,003,5,F,3
7900,2016,12,003,5,M,17
7900,2016,12,003,6,F,2
7900,2016,12,003,6,M,18
7900,2016,12,004,1,F,1
7900,2016,12,004,1,M,3
7900,2016,12,004,2,F,1
7900,2016,12,004,3,F,1
7900,2016,12,004,4,F,5
7900,2016,12,004,4,M,4
7900,2016,12,004,5,M,6
7900,2016,12,004,6,M,8
7900,2016,12,005,1,M,1
7900,2016,12,005,3,F,1
7900,2016,12,005,3,M,2
7900,2016,12,005,4,F,2
7900,2016,12,005,4,M,2
7900,2016,12,005,5,M,6
7900,2016,12,005,6,F,1
7900,2016,12,005,6,M,2
7900,2016,12,006,1,F,4
7900,2016,12,006,1,M,1
7900,2016,12,006,2,F,1
7900,2016,12,006,2,M,3
7900,2016,12,006,3,M,1
7900,2016,12,006,4,F,1
7900,2016,12,006,4,M,3
7900,2016,12,006,5,F,3
7900,2016,12,006,5,M,5
7900,2016,12,006,6,M,3
7900,2016,12,007,2,F,2
7900,2016,12,007,3,F,2
7900,2016,12,007,3,M,2
7900,2016,12,007,4,F,4
7900,2016,12,007,4,M,5
7900,2016,12,007,5,M,9
7900,2016,12,007,6,F,1
7900,2016,12,007,6,M,6
7900,2016,12,008,1,F,1
7900,2016,12,008,1,M,4
7900,2016,12,008,2,F,1
7900,2016,12,008,3,F,3
7900,2016,12,008,3,M,1
7900,2016,12,008,4,F,3
7900,2016,12,008,4,M,7
7900,2016,12,008,5,F,1
7900,2016,12,008,5,M,12
7900,2016,12,008,6,F,1
7900,2016,12,008,6,M,19
7900,2016,12,009,1,F,1
7900,2016,12,009,2,F,3
7900,2016,12,009,3,F,1
7900,2016,12,009,3,M,1
7900,2016,12,009,4,F,11
7900,2016,12,009,4,M,10
7900,2016,12,009,5,F,9
7900,2016,12,009,5,M,31
7900,2016,12,009,6,M,20
7900,2016,12,009,7,M,1
7900,2016,12,010,1,F,1
7900,2016,12,010,2,M,2
7900,2016,12,010,3,F,4
7900,2016,12,010,3,M,1
7900,2016,12,010,4,F,4
7900,2016,12,010,4,M,4
7900,2016,12,010,5,F,7
7900,2016,12,010,5,M,12
7900,2016,12,010,6,F,2
7900,2016,12,010,6,M,23
7900,2016,12,010,7,M,1
7900,2016,12,011,2,M,1
7900,2016,12,011,3,M,4
7900,2016,12,011,4,F,5
7900,2016,12,011,4,M,7
7900,2016,12,011,5,F,1
7900,2016,12,011,5,M,15
7900,2016,12,011,6,M,6
7900,2016,12,011,7,M,1
7900,2016,12,012,2,F,3
7900,2016,12,012,3,M,2
7900,2016,12,012,4,F,1
7900,2016,12,012,4,M,2
7900,2016,12,012,5,F,2
7900,2016,12,012,5,M,4
7900,2016,12,012,6,F,1
7900,2016,12,012,6,M,2
7900,2016,12,013,2,F,2
7900,2016,12,013,2,M,3
7900,2016,12,013,3,M,2
7900,2016,12,013,4,F,4
7900,2016,12,013,4,M,6
7900,2016,12,013,5,F,3
7900,2016,12,013,5,M,29
7900,2016,12,013,6,F,2
7900,2016,12,013,6,M,21
7900,2016,12,014,1,F,2
7900,2016,12,014,1,M,2
7900,2016,12,014,2,F,1
7900,2016,12,014,2,M,1
7900,2016,12,014,3,M,1
7900,2016,12,014,4,F,3
7900,2016,12,014,4,M,2
7900,2016,12,014,5,F,1
7900,2016,12,014,5,M,3
7900,2016,12,014,6,M,1
7900,2016,12,015,1,M,2
7900,2016,12,015,2,F,1
7900,2016,12,015,2,M,2
7900,2016,12,015,3,M,1
7900,2016,12,015,4,F,2
7900,2016,12,015,4,M,4
7900,2016,12,015,5,F,2
7900,2016,12,015,5,M,6
7900,2016,12,015,6,M,4
7900,2016,12,016,1,M,1
7900,2016,12,016,4,F,1
7900,2016,12,016,4,M,1
7900,2016,12,016,5,F,1
7900,2016,12,016,5,M,5
7900,2016,12,017,4,F,1
7900,2016,12,017,4,M,2
7900,2016,12,017,5,F,1
7900,2016,12,017,5,M,1
7900,2016,12,017,6,M,2
7900,2017,01,002,3,M,1
7900,2017,04,001,1,M,2
7900,2017,04,001,2,F,3
7900,2017,04,001,2,M,3
7900,2017,04,001,3,F,5
7900,2017,04,001,3,M,6
7900,2017,04,001,4,F,17
7900,2017,04,001,4,M,17
7900,2017,04,001,5,F,14
7900,2017,04,001,5,M,64
7900,2017,04,001,6,F,2
7900,2017,04,001,6,M,34
7900,2017,04,002,1,M,1
7900,2017,04,002,2,F,4
7900,2017,04,002,2,M,10
7900,2017,04,002,3,F,5
7900,2017,04,002,3,M,14
7900,2017,04,002,4,F,23
7900,2017,04,002,4,M,22
7900,2017,04,002,5,F,6
7900,2017,04,002,5,M,80
7900,2017,04,002,6,F,5
7900,2017,04,002,6,M,44
7900,2017,04,002,7,M,4
7900,2017,04,003,2,F,1
7900,2017,04,003,2,M,1
7900,2017,04,003,3,M,3
7900,2017,04,003,4,F,9
7900,2017,04,003,4,M,4
7900,2017,04,003,5,F,7
7900,2017,04,003,5,M,10
7900,2017,04,003,6,F,1
7900,2017,04,003,6,M,11
7900,2017,04,003,7,M,1
7900,2017,04,004,2,M,2
7900,2017,04,004,3,F,3
7900,2017,04,004,3,M,1
7900,2017,04,004,4,F,3
7900,2017,04,004,4,M,4
7900,2017,04,004,5,F,4
7900,2017,04,004,5,M,15
7900,2017,04,004,6,F,1
7900,2017,04,004,6,M,3
7900,2017,04,005,3,F,3
7900,2017,04,005,4,F,2
7900,2017,04,005,4,M,4
7900,2017,04,005,5,M,6
7900,2017,04,005,6,M,4
7900,2017,04,006,2,M,2
7900,2017,04,006,3,F,3
7900,2017,04,006,3,M,4
7900,2017,04,006,4,F,3
7900,2017,04,006,4,M,5
7900,2017,04,006,5,F,2
7900,2017,04,006,5,M,6
7900,2017,04,006,6,M,4
7900,2017,04,007,2,M,1
7900,2017,04,007,4,M,3
7900,2017,04,007,5,F,2
7900,2017,04,007,5,M,15
7900,2017,04,007,6,M,10
7900,2017,04,008,1,F,2
7900,2017,04,008,1,M,2
7900,2017,04,008,3,F,1
7900,2017,04,008,3,M,2
7900,2017,04,008,4,F,2
7900,2017,04,008,4,M,3
7900,2017,04,008,5,F,3
7900,2017,04,008,5,M,8
7900,2017,04,008,6,F,1
7900,2017,04,008,6,M,18
7900,2017,04,009,1,F,1
7900,2017,04,009,2,M,4
7900,2017,04,009,3,F,2
7900,2017,04,009,3,M,4
7900,2017,04,009,4,F,7
7900,2017,04,009,4,M,7
7900,2017,04,009,5,F,13
7900,2017,04,009,5,M,34
7900,2017,04,009,6,F,2
7900,2017,04,009,6,M,32
7900,2017,04,009,7,M,2
7900,2017,04,010,2,F,2
7900,2017,04,010,3,F,1
7900,2017,04,010,3,M,2
7900,2017,04,010,4,F,3
7900,2017,04,010,4,M,2
7900,2017,04,010,5,F,1
7900,2017,04,010,5,M,7
7900,2017,04,010,6,F,2
7900,2017,04,010,6,M,10
7900,2017,04,011,1,M,2
7900,2017,04,011,2,F,1
7900,2017,04,011,2,M,1
7900,2017,04,011,3,F,1
7900,2017,04,011,3,M,2
7900,2017,04,011,4,F,2
7900,2017,04,011,4,M,10
7900,2017,04,011,5,F,4
7900,2017,04,011,5,M,12
7900,2017,04,011,6,F,2
7900,2017,04,011,6,M,9
7900,2017,04,011,7,M,1
7900,2017,04,012,2,F,1
7900,2017,04,012,4,M,3
7900,2017,04,012,5,F,2
7900,2017,04,012,6,M,3
7900,2017,04,013,2,F,1
7900,2017,04,013,2,M,2
7900,2017,04,013,3,F,1
7900,2017,04,013,3,M,2
7900,2017,04,013,4,F,5
7900,2017,04,013,4,M,12
7900,2017,04,013,5,F,6
7900,2017,04,013,5,M,18
7900,2017,04,013,6,M,23
7900,2017,04,013,7,M,1
7900,2017,04,014,2,M,1
7900,2017,04,014,3,F,1
7900,2017,04,014,3,M,1
7900,2017,04,014,4,F,2
7900,2017,04,014,4,M,2
7900,2017,04,014,5,M,3
7900,2017,04,014,6,M,1
7900,2017,04,015,1,F,2
7900,2017,04,015,2,F,1
7900,2017,04,015,3,F,3
7900,2017,04,015,3,M,2
7900,2017,04,015,4,F,5
7900,2017,04,015,4,M,3
7900,2017,04,015,5,F,3
7900,2017,04,015,5,M,4
7900,2017,04,015,6,F,1
7900,2017,04,015,6,M,3
7900,2017,04,016,3,F,1
7900,2017,04,016,3,M,1
7900,2017,04,016,4,F,1
7900,2017,04,016,4,M,3
7900,2017,04,016,5,M,1
7900,2017,04,017,3,M,1
7900,2017,04,017,4,M,1
7900,2017,04,017,5,F,1
7900,2017,04,017,5,M,2
7900,2017,04,017,6,M,4
7900,2017,06,001,2,M,2
7900,2017,06,001,3,F,3
7900,2017,06,001,3,M,3
7900,2017,06,001,4,F,6
7900,2017,06,001,4,M,11
7900,2017,06,001,5,F,11
7900,2017,06,001,5,M,29
7900,2017,06,001,6,F,1
7900,2017,06,001,6,M,22
7900,2017,06,002,1,F,2
7900,2017,06,002,1,M,2
7900,2017,06,002,2,F,2
7900,2017,06,002,2,M,5
7900,2017,06,002,3,F,5
7900,2017,06,002,3,M,5
7900,2017,06,002,4,F,19
7900,2017,06,002,4,M,26
7900,2017,06,002,5,F,12
7900,2017,06,002,5,M,63
7900,2017,06,002,6,F,2
7900,2017,06,002,6,M,40
7900,2017,06,002,7,M,4
7900,2017,06,003,2,M,1
7900,2017,06,003,3,M,2
7900,2017,06,003,4,F,5
7900,2017,06,003,4,M,4
7900,2017,06,003,5,F,1
7900,2017,06,003,5,M,20
7900,2017,06,003,6,M,13
7900,2017,06,004,2,F,1
7900,2017,06,004,3,F,2
7900,2017,06,004,3,M,1
7900,2017,06,004,4,F,1
7900,2017,06,004,4,M,4
7900,2017,06,004,5,F,1
7900,2017,06,004,5,M,3
7900,2017,06,004,6,M,3
7900,2017,06,005,2,M,3
7900,2017,06,005,3,M,3
7900,2017,06,005,4,F,1
7900,2017,06,005,4,M,1
7900,2017,06,005,5,F,3
7900,2017,06,005,5,M,6
7900,2017,06,005,6,M,1
7900,2017,06,006,1,F,1
7900,2017,06,006,3,F,3
7900,2017,06,006,4,M,5
7900,2017,06,006,5,F,3
7900,2017,06,006,6,F,1
7900,2017,06,006,6,M,2
7900,2017,06,007,1,F,2
7900,2017,06,007,2,F,1
7900,2017,06,007,3,M,3
7900,2017,06,007,4,M,3
7900,2017,06,007,5,F,1
7900,2017,06,007,5,M,8
7900,2017,06,007,6,M,15
7900,2017,06,008,1,F,3
7900,2017,06,008,2,M,2
7900,2017,06,008,3,F,1
7900,2017,06,008,3,M,4
7900,2017,06,008,4,F,11
7900,2017,06,008,4,M,4
7900,2017,06,008,5,F,3
7900,2017,06,008,5,M,20
7900,2017,06,008,6,F,3
7900,2017,06,008,6,M,17
7900,2017,06,009,1,F,1
7900,2017,06,009,1,M,1
7900,2017,06,009,2,F,1
7900,2017,06,009,3,F,1
7900,2017,06,009,4,F,6
7900,2017,06,009,4,M,6
7900,2017,06,009,5,F,2
7900,2017,06,009,5,M,5
7900,2017,06,009,6,F,1
7900,2017,06,009,6,M,9
7900,2017,06,010,2,M,1
7900,2017,06,010,3,F,1
7900,2017,06,010,3,M,2
7900,2017,06,010,4,F,1
7900,2017,06,010,5,M,2
7900,2017,06,011,2,F,1
7900,2017,06,011,3,M,1
7900,2017,06,011,4,F,6
7900,2017,06,011,4,M,6
7900,2017,06,011,5,F,2
7900,2017,06,011,5,M,5
7900,2017,06,011,6,M,10
7900,2017,06,012,3,F,1
7900,2017,06,012,4,F,1
7900,2017,06,012,4,M,1
7900,2017,06,012,5,F,1
7900,2017,06,012,5,M,2
7900,2017,06,012,6,M,2
7900,2017,06,013,3,F,1
7900,2017,06,013,4,F,1
7900,2017,06,013,4,M,2
7900,2017,06,013,5,M,14
7900,2017,06,013,6,M,13
7900,2017,06,014,2,F,1
7900,2017,06,014,2,M,1
7900,2017,06,014,3,F,2
7900,2017,06,014,4,F,4
7900,2017,06,014,4,M,1
7900,2017,06,014,5,F,1
7900,2017,06,014,5,M,5
7900,2017,06,014,6,M,2
7900,2017,06,015,1,M,1
7900,2017,06,015,3,F,2
7900,2017,06,015,3,M,1
7900,2017,06,015,4,F,1
7900,2017,06,015,4,M,3
7900,2017,06,015,5,M,5
7900,2017,06,015,6,F,1
7900,2017,06,015,6,M,3
7900,2017,06,016,2,M,1
7900,2017,06,016,3,F,2
7900,2017,06,016,4,M,1
7900,2017,06,016,5,F,2
7900,2017,06,017,5,M,2
7900,2017,06,017,6,M,2
7900,2017,07,001,1,F,5
7900,2017,07,001,1,M,9
7900,2017,07,002,1,F,62
7900,2017,07,002,1,M,85
7900,2017,07,002,2,F,1
7900,2017,07,004,1,F,27
7900,2017,07,004,1,M,33
7900,2017,07,004,2,M,1
7900,2017,07,005,1,F,14
7900,2017,07,005,1,M,16
7900,2017,07,005,6,M,1
7900,2017,07,006,1,F,45
7900,2017,07,006,1,M,67
7900,2017,07,006,2,F,1
7900,2017,07,007,1,F,6
7900,2017,07,007,1,M,7
7900,2017,07,008,1,F,19
7900,2017,07,008,1,M,68
7900,2017,07,008,2,M,1
7900,2017,07,009,1,F,9
7900,2017,07,009,1,M,31
7900,2017,07,010,1,F,12
7900,2017,07,010,1,M,49
7900,2017,07,010,2,F,1
7900,2017,07,011,1,F,44
7900,2017,07,011,1,M,68
7900,2017,07,012,1,F,7
7900,2017,07,012,1,M,15
7900,2017,07,013,1,F,2
7900,2017,07,013,1,M,37
7900,2017,07,014,1,F,32
7900,2017,07,014,1,M,17
7900,2017,07,015,1,F,25
7900,2017,07,015,1,M,38
7900,2017,07,016,1,F,5
7900,2017,07,016,1,M,11
7900,2017,07,017,1,M,1
7900,2017,10,001,1,M,3
7900,2017,10,001,2,F,3
7900,2017,10,001,2,M,2
7900,2017,10,001,3,F,6
7900,2017,10,001,3,M,7
7900,2017,10,001,4,F,15
7900,2017,10,001,4,M,16
7900,2017,10,001,5,F,16
7900,2017,10,001,5,M,52
7900,2017,10,001,6,F,1
7900,2017,10,001,6,M,39
7900,2017,10,002,1,F,1
7900,2017,10,002,1,M,3
7900,2017,10,002,2,F,11
7900,2017,10,002,2,M,7
7900,2017,10,002,3,F,11
7900,2017,10,002,3,M,12
7900,2017,10,002,4,F,25
7900,2017,10,002,4,M,25
7900,2017,10,002,5,F,25
7900,2017,10,002,5,M,75
7900,2017,10,002,6,F,7
7900,2017,10,002,6,M,52
7900,2017,10,002,7,F,1
7900,2017,10,002,7,M,1
7900,2017,10,003,1,M,1
7900,2017,10,003,2,F,2
7900,2017,10,003,2,M,2
7900,2017,10,003,3,F,2
7900,2017,10,003,3,M,3
7900,2017,10,003,4,F,6
7900,2017,10,003,4,M,4
7900,2017,10,003,5,F,2
7900,2017,10,003,5,M,10
7900,2017,10,003,6,M,4
7900,2017,10,004,2,F,1
7900,2017,10,004,4,F,2
7900,2017,10,004,4,M,6
7900,2017,10,004,5,F,1
7900,2017,10,004,5,M,17
7900,2017,10,004,6,M,5
7900,2017,10,005,3,M,3
7900,2017,10,005,4,F,1
7900,2017,10,005,4,M,3
7900,2017,10,005,5,M,4
7900,2017,10,005,6,M,7
7900,2017,10,006,1,M,1
7900,2017,10,006,2,F,1
7900,2017,10,006,3,F,1
7900,2017,10,006,4,F,3
7900,2017,10,006,4,M,3
7900,2017,10,006,5,F,1
7900,2017,10,006,5,M,10
7900,2017,10,006,6,M,15
7900,2017,10,006,7,M,1
7900,2017,10,007,1,F,3
7900,2017,10,007,1,M,3
7900,2017,10,007,2,M,3
7900,2017,10,007,3,F,1
7900,2017,10,007,3,M,2
7900,2017,10,007,4,F,1
7900,2017,10,007,5,F,2
7900,2017,10,007,5,M,7
7900,2017,10,007,6,M,10
7900,2017,10,007,7,M,1
7900,2017,10,008,1,F,3
7900,2017,10,008,1,M,9
7900,2017,10,008,2,M,2
7900,2017,10,008,3,M,2
7900,2017,10,008,4,F,2
7900,2017,10,008,4,M,6
7900,2017,10,008,5,F,5
7900,2017,10,008,5,M,13
7900,2017,10,008,6,M,14
7900,2017,10,009,1,F,2
7900,2017,10,009,1,M,2
7900,2017,10,009,2,F,3
7900,2017,10,009,2,M,1
7900,2017,10,009,3,F,1
7900,2017,10,009,3,M,1
7900,2017,10,009,4,F,10
7900,2017,10,009,4,M,7
7900,2017,10,009,5,F,6
7900,2017,10,009,5,M,21
7900,2017,10,009,6,F,3
7900,2017,10,009,6,M,29
7900,2017,10,009,7,M,2
7900,2017,10,010,2,F,1
7900,2017,10,010,2,M,1
7900,2017,10,010,3,F,1
7900,2017,10,010,3,M,1
7900,2017,10,010,4,F,6
7900,2017,10,010,4,M,5
7900,2017,10,010,5,F,6
7900,2017,10,010,5,M,15
7900,2017,10,010,6,F,2
7900,2017,10,010,6,M,11
7900,2017,10,011,2,F,2
7900,2017,10,011,2,M,3
7900,2017,10,011,3,F,5
7900,2017,10,011,3,M,2
7900,2017,10,011,4,F,5
7900,2017,10,011,4,M,5
7900,2017,10,011,5,F,3
7900,2017,10,011,5,M,11
7900,2017,10,011,6,M,14
7900,2017,10,011,7,M,1
7900,2017,10,012,3,M,2
7900,2017,10,012,4,F,3
7900,2017,10,012,4,M,4
7900,2017,10,012,5,F,3
7900,2017,10,012,5,M,8
7900,2017,10,012,6,M,5
7900,2017,10,013,1,F,1
7900,2017,10,013,2,M,1
7900,2017,10,013,3,F,1
7900,2017,10,013,3,M,2
7900,2017,10,013,4,F,6
7900,2017,10,013,4,M,5
7900,2017,10,013,5,F,7
7900,2017,10,013,5,M,25
7900,2017,10,013,6,F,1
7900,2017,10,013,6,M,31
7900,2017,10,013,7,M,1
7900,2017,10,014,4,F,1
7900,2017,10,014,4,M,2
7900,2017,10,014,5,M,2
7900,2017,10,015,2,M,1
7900,2017,10,015,3,F,3
7900,2017,10,015,3,M,2
7900,2017,10,015,4,F,9
7900,2017,10,015,4,M,2
7900,2017,10,015,5,F,4
7900,2017,10,015,5,M,10
7900,2017,10,015,6,M,6
7900,2017,10,016,3,F,1
7900,2017,10,016,3,M,1
7900,2017,10,016,4,F,1
7900,2017,10,016,5,M,3
7900,2017,10,016,6,M,2
7900,2017,10,017,3,F,1
7900,2017,10,017,4,F,1
7900,2017,10,017,4,M,1
7900,2017,10,017,5,M,4
7900,2017,10,017,6,M,2
7900,2017,10,999,5,M,1
7900,2017,11,003,2,F,1
7900,2017,12,001,1,F,3
7900,2017,12,001,2,F,2
7900,2017,12,001,2,M,4
7900,2017,12,001,3,F,3
7900,2017,12,001,3,M,7
7900,2017,12,001,4,F,8
7900,2017,12,001,4,M,20
7900,2017,12,001,5,F,11
7900,2017,12,001,5,M,33
7900,2017,12,001,6,F,5
7900,2017,12,001,6,M,27
7900,2017,12,002,1,F,2
7900,2017,12,002,1,M,4
7900,2017,12,002,2,F,4
7900,2017,12,002,2,M,7
7900,2017,12,002,3,F,5
7900,2017,12,002,3,M,9
7900,2017,12,002,4,F,31
7900,2017,12,002,4,M,26
7900,2017,12,002,5,F,16
7900,2017,12,002,5,M,57
7900,2017,12,002,6,F,6
7900,2017,12,002,6,M,46
7900,2017,12,003,1,M,1
7900,2017,12,003,2,M,1
7900,2017,12,003,3,F,1
7900,2017,12,003,3,M,2
7900,2017,12,003,4,F,4
7900,2017,12,003,4,M,4
7900,2017,12,003,5,F,8
7900,2017,12,003,5,M,8
7900,2017,12,003,6,F,3
7900,2017,12,003,6,M,9
7900,2017,12,003,7,M,1
7900,2017,12,004,3,M,1
7900,2017,12,004,4,M,1
7900,2017,12,004,5,M,7
7900,2017,12,004,6,M,2
7900,2017,12,005,2,M,1
7900,2017,12,005,4,F,9
7900,2017,12,005,4,M,1
7900,2017,12,005,5,F,1
7900,2017,12,005,5,M,4
7900,2017,12,006,1,M,1
7900,2017,12,006,3,F,3
7900,2017,12,006,4,F,4
7900,2017,12,006,4,M,5
7900,2017,12,006,5,F,4
7900,2017,12,006,5,M,19
7900,2017,12,006,6,F,1
7900,2017,12,006,6,M,10
7900,2017,12,007,2,M,4
7900,2017,12,007,4,F,6
7900,2017,12,007,4,M,3
7900,2017,12,007,5,F,5
7900,2017,12,007,5,M,12
7900,2017,12,007,6,F,2
7900,2017,12,007,6,M,27
7900,2017,12,008,1,F,2
7900,2017,12,008,1,M,6
7900,2017,12,008,2,F,1
7900,2017,12,008,2,M,1
7900,2017,12,008,3,F,2
7900,2017,12,008,3,M,1
7900,2017,12,008,4,F,6
7900,2017,12,008,4,M,13
7900,2017,12,008,5,F,10
7900,2017,12,008,5,M,34
7900,2017,12,008,6,F,1
7900,2017,12,008,6,M,31
7900,2017,12,008,7,M,2
7900,2017,12,009,1,F,2
7900,2017,12,009,1,M,4
7900,2017,12,009,2,F,2
7900,2017,12,009,2,M,5
7900,2017,12,009,3,F,2
7900,2017,12,009,3,M,5
7900,2017,12,009,4,F,12
7900,2017,12,009,4,M,5
7900,2017,12,009,5,F,11
7900,2017,12,009,5,M,33
7900,2017,12,009,6,F,5
7900,2017,12,009,6,M,40
7900,2017,12,009,7,M,6
7900,2017,12,010,1,F,1
7900,2017,12,010,1,M,2
7900,2017,12,010,2,F,1
7900,2017,12,010,2,M,2
7900,2017,12,010,3,F,3
7900,2017,12,010,3,M,3
7900,2017,12,010,4,F,6
7900,2017,12,010,4,M,5
7900,2017,12,010,5,F,3
7900,2017,12,010,5,M,9
7900,2017,12,010,6,M,17
7900,2017,12,011,2,F,3
7900,2017,12,011,3,F,2
7900,2017,12,011,3,M,2
7900,2017,12,011,4,F,11
7900,2017,12,011,4,M,8
7900,2017,12,011,5,F,7
7900,2017,12,011,5,M,10
7900,2017,12,011,6,F,2
7900,2017,12,011,6,M,8
7900,2017,12,012,3,F,3
7900,2017,12,012,3,M,2
7900,2017,12,012,4,F,2
7900,2017,12,012,4,M,1
7900,2017,12,012,5,F,1
7900,2017,12,012,5,M,3
7900,2017,12,012,6,M,4
7900,2017,12,013,2,F,1
7900,2017,12,013,2,M,2
7900,2017,12,013,3,M,3
7900,2017,12,013,4,F,7
7900,2017,12,013,4,M,15
7900,2017,12,013,5,F,8
7900,2017,12,013,5,M,16
7900,2017,12,013,6,F,2
7900,2017,12,013,6,M,41
7900,2017,12,013,7,M,2
7900,2017,12,014,2,F,1
7900,2017,12,014,3,F,2
7900,2017,12,014,3,M,2
7900,2017,12,014,4,F,4
7900,2017,12,014,4,M,5
7900,2017,12,014,5,F,2
7900,2017,12,014,5,M,5
7900,2017,12,014,6,M,2
7900,2017,12,015,1,F,1
7900,2017,12,015,2,F,3
7900,2017,12,015,2,M,1
7900,2017,12,015,3,F,2
7900,2017,12,015,3,M,3
7900,2017,12,015,4,F,5
7900,2017,12,015,4,M,6
7900,2017,12,015,5,F,5
7900,2017,12,015,5,M,15
7900,2017,12,015,6,M,4
7900,2017,12,016,2,F,1
7900,2017,12,016,2,M,3
7900,2017,12,016,4,F,2
7900,2017,12,016,4,M,3
7900,2017,12,016,5,F,1
7900,2017,12,016,5,M,4
7900,2017,12,016,6,M,4
7900,2017,12,017,3,F,1
7900,2017,12,017,3,M,1
7900,2017,12,017,4,F,1
7900,2017,12,017,4,M,1
7900,2017,12,017,5,F,1
7900,2017,12,017,5,M,6
7900,2017,12,017,6,M,5
7900,2018,04,001,1,M,1
7900,2018,04,001,2,F,7
7900,2018,04,001,2,M,4
7900,2018,04,001,3,F,2
7900,2018,04,001,3,M,7
7900,2018,04,001,4,F,8
7900,2018,04,001,4,M,17
7900,2018,04,001,5,F,16
7900,2018,04,001,5,M,73
7900,2018,04,001,6,F,3
7900,2018,04,001,6,M,62
7900,2018,04,001,7,M,4
7900,2018,04,002,1,M,2
7900,2018,04,002,2,F,3
7900,2018,04,002,2,M,6
7900,2018,04,002,3,F,6
7900,2018,04,002,3,M,17
7900,2018,04,002,4,F,13
7900,2018,04,002,4,M,27
7900,2018,04,002,5,F,21
7900,2018,04,002,5,M,63
7900,2018,04,002,6,F,8
7900,2018,04,002,6,M,75
7900,2018,04,003,2,M,2
7900,2018,04,003,3,F,1
7900,2018,04,003,3,M,2
7900,2018,04,003,4,F,4
7900,2018,04,003,4,M,2
7900,2018,04,003,5,F,4
7900,2018,04,003,5,M,12
7900,2018,04,003,6,F,1
7900,2018,04,003,6,M,10
7900,2018,04,003,7,M,1
7900,2018,04,004,2,M,1
7900,2018,04,004,3,F,1
7900,2018,04,004,3,M,1
7900,2018,04,004,4,F,1
7900,2018,04,004,4,M,4
7900,2018,04,004,5,M,8
7900,2018,04,004,6,F,1
7900,2018,04,004,6,M,4
7900,2018,04,005,1,M,1
7900,2018,04,005,2,F,1
7900,2018,04,005,2,M,4
7900,2018,04,005,3,F,1
7900,2018,04,005,3,M,4
7900,2018,04,005,4,F,3
7900,2018,04,005,4,M,5
7900,2018,04,005,5,F,2
7900,2018,04,005,5,M,5
7900,2018,04,005,6,M,2
7900,2018,04,006,3,M,2
7900,2018,04,006,4,F,3
7900,2018,04,006,4,M,6
7900,2018,04,006,5,F,1
7900,2018,04,006,5,M,7
7900,2018,04,006,6,M,4
7900,2018,04,007,1,F,1
7900,2018,04,007,1,M,1
7900,2018,04,007,2,F,1
7900,2018,04,007,3,F,1
7900,2018,04,007,3,M,1
7900,2018,04,007,4,F,2
7900,2018,04,007,4,M,4
7900,2018,04,007,5,M,4
7900,2018,04,007,6,M,5
7900,2018,04,008,2,F,1
7900,2018,04,008,2,M,5
7900,2018,04,008,3,F,1
7900,2018,04,008,3,M,1
7900,2018,04,008,4,F,5
7900,2018,04,008,4,M,8
7900,2018,04,008,5,F,8
7900,2018,04,008,5,M,15
7900,2018,04,008,6,F,1
7900,2018,04,008,6,M,30
7900,2018,04,009,2,F,3
7900,2018,04,009,2,M,1
7900,2018,04,009,3,F,1
7900,2018,04,009,3,M,1
7900,2018,04,009,4,F,7
7900,2018,04,009,4,M,9
7900,2018,04,009,5,F,5
7900,2018,04,009,5,M,23
7900,2018,04,009,6,F,2
7900,2018,04,009,6,M,32
7900,2018,04,009,7,M,3
7900,2018,04,010,1,F,2
7900,2018,04,010,1,M,1
7900,2018,04,010,2,F,1
7900,2018,04,010,2,M,1
7900,2018,04,010,3,F,3
7900,2018,04,010,3,M,1
7900,2018,04,010,4,M,2
7900,2018,04,010,5,F,1
7900,2018,04,010,5,M,7
7900,2018,04,010,6,M,12
7900,2018,04,011,2,F,1
7900,2018,04,011,3,M,2
7900,2018,04,011,4,F,7
7900,2018,04,011,4,M,7
7900,2018,04,011,5,F,5
7900,2018,04,011,5,M,21
7900,2018,04,011,6,M,24
7900,2018,04,011,7,M,1
7900,2018,04,012,2,M,1
7900,2018,04,012,3,F,1
7900,2018,04,012,3,M,2
7900,2018,04,012,4,F,5
7900,2018,04,012,4,M,4
7900,2018,04,012,5,F,3
7900,2018,04,012,5,M,5
7900,2018,04,012,6,F,2
7900,2018,04,012,6,M,9
7900,2018,04,013,2,F,2
7900,2018,04,013,3,F,1
7900,2018,04,013,3,M,2
7900,2018,04,013,4,F,6
7900,2018,04,013,4,M,8
7900,2018,04,013,5,F,5
7900,2018,04,013,5,M,29
7900,2018,04,013,6,F,3
7900,2018,04,013,6,M,37
7900,2018,04,013,7,M,2
7900,2018,04,014,2,F,2
7900,2018,04,014,3,F,2
7900,2018,04,014,3,M,1
7900,2018,04,014,4,F,5
7900,2018,04,014,4,M,4
7900,2018,04,014,5,M,5
7900,2018,04,015,2,F,1
7900,2018,04,015,2,M,2
7900,2018,04,015,4,F,2
7900,2018,04,015,4,M,3
7900,2018,04,015,5,F,1
7900,2018,04,015,5,M,7
7900,2018,04,015,6,M,4
7900,2018,04,016,2,F,1
7900,2018,04,016,2,M,1
7900,2018,04,016,3,M,2
7900,2018,04,016,4,M,2
7900,2018,04,016,5,F,1
7900,2018,04,016,5,M,4
7900,2018,04,016,6,F,1
7900,2018,04,016,6,M,2
7900,2018,04,017,3,M,1
7900,2018,04,017,5,M,2
7900,2018,06,001,1,M,3
7900,2018,06,001,2,F,2
7900,2018,06,001,2,M,4
7900,2018,06,001,3,F,6
7900,2018,06,001,3,M,8
7900,2018,06,001,4,F,10
7900,2018,06,001,4,M,11
7900,2018,06,001,5,F,11
7900,2018,06,001,5,M,42
7900,2018,06,001,6,F,1
7900,2018,06,001,6,M,27
7900,2018,06,001,7,M,2
7900,2018,06,002,1,F,1
7900,2018,06,002,1,M,3
7900,2018,06,002,2,F,6
7900,2018,06,002,2,M,7
7900,2018,06,002,3,F,5
7900,2018,06,002,3,M,13
7900,2018,06,002,4,F,12
7900,2018,06,002,4,M,24
7900,2018,06,002,5,F,19
7900,2018,06,002,5,M,63
7900,2018,06,002,6,F,1
7900,2018,06,002,6,M,42
7900,2018,06,002,7,M,2
7900,2018,06,003,2,F,2
7900,2018,06,003,2,M,1
7900,2018,06,003,3,F,1
7900,2018,06,003,3,M,2
7900,2018,06,003,4,F,6
7900,2018,06,003,4,M,1
7900,2018,06,003,5,F,1
7900,2018,06,003,5,M,11
7900,2018,06,003,6,F,1
7900,2018,06,003,6,M,8
7900,2018,06,004,1,M,1
7900,2018,06,004,2,F,1
7900,2018,06,004,4,F,2
7900,2018,06,004,4,M,3
7900,2018,06,004,5,M,6
7900,2018,06,004,6,M,5
7900,2018,06,005,2,M,1
7900,2018,06,005,3,M,3
7900,2018,06,005,4,F,4
7900,2018,06,005,4,M,3
7900,2018,06,005,5,F,1
7900,2018,06,005,5,M,4
7900,2018,06,005,6,M,3
7900,2018,06,005,7,M,1
7900,2018,06,006,3,F,1
7900,2018,06,006,3,M,1
7900,2018,06,006,4,F,2
7900,2018,06,006,4,M,3
7900,2018,06,006,5,F,8
7900,2018,06,006,5,M,10
7900,2018,06,006,6,M,8
7900,2018,06,007,1,M,1
7900,2018,06,007,2,F,1
7900,2018,06,007,3,F,1
7900,2018,06,007,3,M,2
7900,2018,06,007,4,F,1
7900,2018,06,007,4,M,4
7900,2018,06,007,5,F,1
7900,2018,06,007,5,M,5
7900,2018,06,007,6,M,11
7900,2018,06,008,1,M,1
7900,2018,06,008,2,F,1
7900,2018,06,008,3,F,2
7900,2018,06,008,4,F,3
7900,2018,06,008,4,M,8
7900,2018,06,008,5,F,5
7900,2018,06,008,5,M,13
7900,2018,06,008,6,F,2
7900,2018,06,008,6,M,22
7900,2018,06,009,1,F,1
7900,2018,06,009,2,F,1
7900,2018,06,009,2,M,1
7900,2018,06,009,3,F,1
7900,2018,06,009,3,M,3
7900,2018,06,009,4,F,3
7900,2018,06,009,4,M,4
7900,2018,06,009,5,F,9
7900,2018,06,009,5,M,26
7900,2018,06,009,6,F,2
7900,2018,06,009,6,M,36
7900,2018,06,009,7,M,2
7900,2018,06,010,1,M,1
7900,2018,06,010,2,F,1
7900,2018,06,010,3,F,1
7900,2018,06,010,3,M,1
7900,2018,06,010,4,F,6
7900,2018,06,010,4,M,3
7900,2018,06,010,5,F,1
7900,2018,06,010,5,M,2
7900,2018,06,010,6,F,3
7900,2018,06,010,6,M,16
7900,2018,06,011,2,F,1
7900,2018,06,011,2,M,3
7900,2018,06,011,3,F,1
7900,2018,06,011,3,M,1
7900,2018,06,011,4,F,2
7900,2018,06,011,4,M,5
7900,2018,06,011,5,F,1
7900,2018,06,011,5,M,17
7900,2018,06,011,6,M,11
7900,2018,06,012,2,F,1
7900,2018,06,012,2,M,1
7900,2018,06,012,3,F,2
7900,2018,06,012,3,M,1
7900,2018,06,012,4,F,3
7900,2018,06,012,4,M,7
7900,2018,06,012,5,F,4
7900,2018,06,012,5,M,6
7900,2018,06,012,6,F,1
7900,2018,06,012,6,M,13
7900,2018,06,013,2,M,2
7900,2018,06,013,3,F,1
7900,2018,06,013,3,M,2
7900,2018,06,013,4,F,4
7900,2018,06,013,4,M,7
7900,2018,06,013,5,F,4
7900,2018,06,013,5,M,18
7900,2018,06,013,6,M,20
7900,2018,06,013,7,M,1
7900,2018,06,014,2,F,1
7900,2018,06,014,2,M,1
7900,2018,06,014,3,F,1
7900,2018,06,014,3,M,1
7900,2018,06,014,4,F,4
7900,2018,06,014,4,M,2
7900,2018,06,014,5,F,4
7900,2018,06,014,5,M,3
7900,2018,06,014,6,M,2
7900,2018,06,015,1,M,1
7900,2018,06,015,2,F,2
7900,2018,06,015,3,F,1
7900,2018,06,015,4,F,4
7900,2018,06,015,4,M,1
7900,2018,06,015,5,F,3
7900,2018,06,015,5,M,5
7900,2018,06,015,6,F,1
7900,2018,06,015,6,M,4
7900,2018,06,016,3,M,1
7900,2018,06,016,4,F,2
7900,2018,06,016,4,M,1
7900,2018,06,016,5,M,1
7900,2018,06,016,6,M,1
7900,2018,06,017,4,F,1
7900,2018,06,017,6,F,1
7900,2018,06,017,6,M,5
7900,2018,07,001,1,M,18
7900,2018,07,002,1,F,65
7900,2018,07,002,1,M,79
7900,2018,07,003,1,F,1
7900,2018,07,003,1,M,2
7900,2018,07,004,1,F,27
7900,2018,07,004,1,M,53
7900,2018,07,005,1,F,9
7900,2018,07,005,1,M,21
7900,2018,07,006,1,F,54
7900,2018,07,006,1,M,79
7900,2018,07,006,5,F,1
7900,2018,07,007,1,F,12
7900,2018,07,007,1,M,8
7900,2018,07,008,1,F,20
7900,2018,07,008,1,M,69
7900,2018,07,009,1,F,15
7900,2018,07,009,1,M,37
7900,2018,07,010,1,F,17
7900,2018,07,010,1,M,33
7900,2018,07,011,1,F,51
7900,2018,07,011,1,M,93
7900,2018,07,012,1,F,9
7900,2018,07,012,1,M,10
7900,2018,07,013,1,F,8
7900,2018,07,013,1,M,31
7900,2018,07,014,1,F,33
7900,2018,07,014,1,M,29
7900,2018,07,015,1,F,27
7900,2018,07,015,1,M,27
7900,2018,07,016,1,M,8
7900,2018,07,017,1,F,1
7900,2018,07,017,1,M,2
7900,2018,09,001,1,F,1
7900,2018,09,001,1,M,1
7900,2018,09,001,2,F,2
7900,2018,09,001,2,M,3
7900,2018,09,001,3,F,8
7900,2018,09,001,3,M,5
7900,2018,09,001,4,F,9
7900,2018,09,001,4,M,20
7900,2018,09,001,5,F,12
7900,2018,09,001,5,M,65
7900,2018,09,001,6,F,2
7900,2018,09,001,6,M,46
7900,2018,09,001,7,M,1
7900,2018,09,002,1,F,1
7900,2018,09,002,2,F,3
7900,2018,09,002,2,M,11
7900,2018,09,002,3,F,4
7900,2018,09,002,3,M,5
7900,2018,09,002,4,F,26
7900,2018,09,002,4,M,26
7900,2018,09,002,5,F,41
7900,2018,09,002,5,M,96
7900,2018,09,002,6,F,12
7900,2018,09,002,6,M,80
7900,2018,09,002,7,F,2
7900,2018,09,002,7,M,1
7900,2018,09,003,2,M,1
7900,2018,09,003,3,F,3
7900,2018,09,003,4,F,1
7900,2018,09,003,4,M,6
7900,2018,09,003,5,F,5
7900,2018,09,003,5,M,14
7900,2018,09,003,6,F,1
7900,2018,09,003,6,M,7
7900,2018,09,004,1,M,1
7900,2018,09,004,2,F,2
7900,2018,09,004,2,M,1
7900,2018,09,004,3,F,1
7900,2018,09,004,3,M,1
7900,2018,09,004,4,F,1
7900,2018,09,004,5,F,2
7900,2018,09,004,5,M,14
7900,2018,09,004,6,M,7
7900,2018,09,005,2,M,2
7900,2018,09,005,3,F,1
7900,2018,09,005,4,F,4
7900,2018,09,005,4,M,3
7900,2018,09,005,5,F,2
7900,2018,09,005,5,M,9
7900,2018,09,005,6,M,2
7900,2018,09,006,3,M,1
7900,2018,09,006,4,F,3
7900,2018,09,006,4,M,2
7900,2018,09,006,5,F,7
7900,2018,09,006,5,M,10
7900,2018,09,006,6,F,1
7900,2018,09,006,6,M,9
7900,2018,09,007,1,M,1
7900,2018,09,007,2,F,1
7900,2018,09,007,3,F,1
7900,2018,09,007,4,F,1
7900,2018,09,007,4,M,2
7900,2018,09,007,5,F,3
7900,2018,09,007,5,M,15
7900,2018,09,007,6,F,1
7900,2018,09,007,6,M,19
7900,2018,09,008,1,M,1
7900,2018,09,008,2,F,1
7900,2018,09,008,2,M,1
7900,2018,09,008,3,F,3
7900,2018,09,008,3,M,1
7900,2018,09,008,4,F,3
7900,2018,09,008,4,M,6
7900,2018,09,008,5,F,2
7900,2018,09,008,5,M,8
7900,2018,09,008,6,F,1
7900,2018,09,008,6,M,24
7900,2018,09,008,7,M,1
7900,2018,09,009,1,M,1
7900,2018,09,009,2,F,1
7900,2018,09,009,2,M,1
7900,2018,09,009,3,F,1
7900,2018,09,009,3,M,4
7900,2018,09,009,4,F,6
7900,2018,09,009,4,M,6
7900,2018,09,009,5,F,7
7900,2018,09,009,5,M,18
7900,2018,09,009,6,M,26
7900,2018,09,010,2,F,1
7900,2018,09,010,2,M,4
7900,2018,09,010,3,F,2
7900,2018,09,010,3,M,3
7900,2018,09,010,4,F,1
7900,2018,09,010,4,M,6
7900,2018,09,010,5,F,2
7900,2018,09,010,5,M,4
7900,2018,09,010,6,M,12
7900,2018,09,011,2,F,1
7900,2018,09,011,2,M,3
7900,2018,09,011,3,F,1
7900,2018,09,011,3,M,1
7900,2018,09,011,4,F,3
7900,2018,09,011,4,M,7
7900,2018,09,011,5,F,2
7900,2018,09,011,5,M,23
7900,2018,09,011,6,M,26
7900,2018,09,012,2,F,1
7900,2018,09,012,3,F,3
7900,2018,09,012,4,F,8
7900,2018,09,012,4,M,3
7900,2018,09,012,5,F,6
7900,2018,09,012,5,M,8
7900,2018,09,012,6,M,20
7900,2018,09,012,7,M,1
7900,2018,09,013,1,M,1
7900,2018,09,013,2,M,3
7900,2018,09,013,3,F,5
7900,2018,09,013,3,M,3
7900,2018,09,013,4,F,4
7900,2018,09,013,4,M,9
7900,2018,09,013,5,F,5
7900,2018,09,013,5,M,29
7900,2018,09,013,6,F,1
7900,2018,09,013,6,M,52
7900,2018,09,013,7,M,2
7900,2018,09,014,2,M,1
7900,2018,09,014,3,F,1
7900,2018,09,014,3,M,2
7900,2018,09,014,4,M,2
7900,2018,09,014,5,M,5
7900,2018,09,014,6,M,1
7900,2018,09,015,2,F,2
7900,2018,09,015,3,M,1
7900,2018,09,015,4,F,3
7900,2018,09,015,4,M,3
7900,2018,09,015,5,F,3
7900,2018,09,015,5,M,6
7900,2018,09,015,6,M,7
7900,2018,09,016,3,F,1
7900,2018,09,016,4,F,2
7900,2018,09,016,4,M,1
7900,2018,09,016,5,M,2
7900,2018,09,016,6,M,2
7900,2018,09,017,2,M,1
7900,2018,09,017,3,M,1
7900,2018,09,017,4,F,2
7900,2018,09,017,4,M,2
7900,2018,09,017,5,M,2
7900,2018,09,017,6,M,4
7900,2018,11,002,5,M,1
7900,2018,12,001,1,F,1
7900,2018,12,001,1,M,1
7900,2018,12,001,2,F,3
7900,2018,12,001,2,M,7
7900,2018,12,001,3,F,6
7900,2018,12,001,3,M,5
7900,2018,12,001,4,F,6
7900,2018,12,001,4,M,21
7900,2018,12,001,5,F,4
7900,2018,12,001,5,M,52
7900,2018,12,001,6,F,3
7900,2018,12,001,6,M,46
7900,2018,12,002,1,F,7
7900,2018,12,002,1,M,22
7900,2018,12,002,2,F,5
7900,2018,12,002,2,M,6
7900,2018,12,002,3,F,6
7900,2018,12,002,3,M,10
7900,2018,12,002,4,F,24
7900,2018,12,002,4,M,22
7900,2018,12,002,5,F,21
7900,2018,12,002,5,M,75
7900,2018,12,002,6,F,2
7900,2018,12,002,6,M,55
7900,2018,12,003,2,F,1
7900,2018,12,003,2,M,1
7900,2018,12,003,3,M,3
7900,2018,12,003,4,F,9
7900,2018,12,003,4,M,5
7900,2018,12,003,5,F,3
7900,2018,12,003,5,M,18
7900,2018,12,003,6,M,12
7900,2018,12,004,2,M,1
7900,2018,12,004,3,F,1
7900,2018,12,004,4,F,1
7900,2018,12,004,4,M,2
7900,2018,12,004,5,M,8
7900,2018,12,004,6,M,3
7900,2018,12,005,1,F,3
7900,2018,12,005,1,M,4
7900,2018,12,005,2,M,6
7900,2018,12,005,3,F,1
7900,2018,12,005,3,M,3
7900,2018,12,005,4,F,4
7900,2018,12,005,5,F,3
7900,2018,12,005,5,M,4
7900,2018,12,005,6,M,1
7900,2018,12,006,1,F,1
7900,2018,12,006,3,F,1
7900,2018,12,006,4,F,2
7900,2018,12,006,4,M,6
7900,2018,12,006,5,F,1
7900,2018,12,006,5,M,5
7900,2018,12,006,6,F,1
7900,2018,12,006,6,M,9
7900,2018,12,007,1,F,1
7900,2018,12,007,2,F,1
7900,2018,12,007,2,M,1
7900,2018,12,007,3,F,1
7900,2018,12,007,3,M,4
7900,2018,12,007,4,F,2
7900,2018,12,007,4,M,4
7900,2018,12,007,5,F,2
7900,2018,12,007,5,M,14
7900,2018,12,007,6,F,1
7900,2018,12,007,6,M,14
7900,2018,12,008,1,F,3
7900,2018,12,008,1,M,2
7900,2018,12,008,2,F,1
7900,2018,12,008,2,M,2
7900,2018,12,008,3,F,1
7900,2018,12,008,3,M,4
7900,2018,12,008,4,F,6
7900,2018,12,008,4,M,7
7900,2018,12,008,5,F,6
7900,2018,12,008,5,M,29
7900,2018,12,008,6,M,27
7900,2018,12,008,7,M,1
7900,2018,12,009,1,F,3
7900,2018,12,009,1,M,4
7900,2018,12,009,3,F,1
7900,2018,12,009,3,M,2
7900,2018,12,009,4,F,9
7900,2018,12,009,4,M,10
7900,2018,12,009,5,F,10
7900,2018,12,009,5,M,39
7900,2018,12,009,6,F,4
7900,2018,12,009,6,M,41
7900,2018,12,009,7,M,3
7900,2018,12,010,2,F,1
7900,2018,12,010,2,M,2
7900,2018,12,010,4,F,3
7900,2018,12,010,4,M,3
7900,2018,12,010,5,F,3
7900,2018,12,010,5,M,12
7900,2018,12,010,6,F,2
7900,2018,12,010,6,M,19
7900,2018,12,011,2,F,1
7900,2018,12,011,2,M,2
7900,2018,12,011,3,F,4
7900,2018,12,011,3,M,2
7900,2018,12,011,4,F,4
7900,2018,12,011,4,M,2
7900,2018,12,011,5,F,3
7900,2018,12,011,5,M,15
7900,2018,12,011,6,M,17
7900,2018,12,012,2,F,2
7900,2018,12,012,3,M,6
7900,2018,12,012,4,F,7
7900,2018,12,012,4,M,5
7900,2018,12,012,5,F,2
7900,2018,12,012,5,M,15
7900,2018,12,012,6,M,18
7900,2018,12,013,2,F,2
7900,2018,12,013,2,M,4
7900,2018,12,013,3,F,3
7900,2018,12,013,3,M,8
7900,2018,12,013,4,F,6
7900,2018,12,013,4,M,9
7900,2018,12,013,5,F,5
7900,2018,12,013,5,M,19
7900,2018,12,013,6,F,1
7900,2018,12,013,6,M,35
7900,2018,12,013,7,M,2
7900,2018,12,014,1,F,2
7900,2018,12,014,1,M,1
7900,2018,12,014,2,F,2
7900,2018,12,014,2,M,4
7900,2018,12,014,3,F,2
7900,2018,12,014,3,M,1
7900,2018,12,014,4,F,1
7900,2018,12,014,5,F,1
7900,2018,12,014,5,M,3
7900,2018,12,014,6,F,1
7900,2018,12,014,6,M,4
7900,2018,12,014,7,M,1
7900,2018,12,015,2,F,5
7900,2018,12,015,3,F,1
7900,2018,12,015,4,F,6
7900,2018,12,015,4,M,2
7900,2018,12,015,5,F,4
7900,2018,12,015,5,M,6
7900,2018,12,015,6,M,5
7900,2018,12,016,1,F,1
7900,2018,12,016,2,F,1
7900,2018,12,016,3,M,3
7900,2018,12,016,4,F,2
7900,2018,12,016,4,M,3
7900,2018,12,016,5,F,2
7900,2018,12,016,5,M,2
7900,2018,12,017,5,M,4
7900,2018,12,017,6,M,1
7900,2019,04,001,2,F,3
7900,2019,04,001,2,M,4
7900,2019,04,001,3,F,5
7900,2019,04,001,3,M,9
7900,2019,04,001,4,F,8
7900,2019,04,001,4,M,9
7900,2019,04,001,5,F,22
7900,2019,04,001,5,M,63
7900,2019,04,001,6,F,3
7900,2019,04,001,6,M,61
7900,2019,04,001,7,M,4
7900,2019,04,002,1,F,2
7900,2019,04,002,1,M,1
7900,2019,04,002,2,F,8
7900,2019,04,002,2,M,9
7900,2019,04,002,3,F,9
7900,2019,04,002,3,M,11
7900,2019,04,002,4,F,17
7900,2019,04,002,4,M,24
7900,2019,04,002,5,F,20
7900,2019,04,002,5,M,73
7900,2019,04,002,6,F,5
7900,2019,04,002,6,M,60
7900,2019,04,002,7,M,1
7900,2019,04,003,2,F,1
7900,2019,04,003,2,M,1
7900,2019,04,003,3,F,1
7900,2019,04,003,3,M,1
7900,2019,04,003,4,F,6
7900,2019,04,003,4,M,4
7900,2019,04,003,5,F,2
7900,2019,04,003,5,M,18
7900,2019,04,003,6,F,3
7900,2019,04,003,6,M,16
7900,2019,04,004,1,M,1
7900,2019,04,004,2,F,1
7900,2019,04,004,4,M,6
7900,2019,04,004,5,M,5
7900,2019,04,004,6,M,4
7900,2019,04,004,7,M,1
7900,2019,04,005,2,F,2
7900,2019,04,005,2,M,9
7900,2019,04,005,3,F,3
7900,2019,04,005,3,M,6
7900,2019,04,005,4,F,2
7900,2019,04,005,4,M,3
7900,2019,04,005,5,F,1
7900,2019,04,005,5,M,5
7900,2019,04,005,6,M,1
7900,2019,04,006,2,M,1
7900,2019,04,006,3,M,1
7900,2019,04,006,4,F,2
7900,2019,04,006,5,F,2
7900,2019,04,006,5,M,8
7900,2019,04,006,6,M,8
7900,2019,04,007,2,M,2
7900,2019,04,007,3,F,2
7900,2019,04,007,3,M,2
7900,2019,04,007,4,F,2
7900,2019,04,007,4,M,1
7900,2019,04,007,5,F,2
7900,2019,04,007,5,M,12
7900,2019,04,007,6,M,10
7900,2019,04,008,1,F,2
7900,2019,04,008,1,M,1
7900,2019,04,008,3,M,2
7900,2019,04,008,4,F,4
7900,2019,04,008,4,M,8
7900,2019,04,008,5,F,5
7900,2019,04,008,5,M,17
7900,2019,04,008,6,F,2
7900,2019,04,008,6,M,15
7900,2019,04,009,1,F,2
7900,2019,04,009,1,M,2
7900,2019,04,009,2,M,2
7900,2019,04,009,3,F,1
7900,2019,04,009,3,M,4
7900,2019,04,009,4,F,7
7900,2019,04,009,4,M,11
7900,2019,04,009,5,F,3
7900,2019,04,009,5,M,19
7900,2019,04,009,6,F,2
7900,2019,04,009,6,M,34
7900,2019,04,009,7,M,3
7900,2019,04,010,1,M,1
7900,2019,04,010,2,M,2
7900,2019,04,010,3,M,1
7900,2019,04,010,4,M,1
7900,2019,04,010,5,F,3
7900,2019,04,010,5,M,9
7900,2019,04,010,6,F,1
7900,2019,04,010,6,M,13
7900,2019,04,011,2,F,2
7900,2019,04,011,2,M,1
7900,2019,04,011,3,F,2
7900,2019,04,011,3,M,3
7900,2019,04,011,4,F,6
7900,2019,04,011,4,M,3
7900,2019,04,011,5,F,5
7900,2019,04,011,5,M,15
7900,2019,04,011,6,F,1
7900,2019,04,011,6,M,14
7900,2019,04,011,7,M,1
7900,2019,04,012,2,M,1
7900,2019,04,012,4,F,2
7900,2019,04,012,4,M,3
7900,2019,04,012,5,F,2
7900,2019,04,012,5,M,11
7900,2019,04,012,6,M,15
7900,2019,04,012,7,M,1
7900,2019,04,013,2,F,1
7900,2019,04,013,2,M,1
7900,2019,04,013,3,F,2
7900,2019,04,013,3,M,6
7900,2019,04,013,4,F,6
7900,2019,04,013,4,M,12
7900,2019,04,013,5,F,7
7900,2019,04,013,5,M,33
7900,2019,04,013,6,M,34
7900,2019,04,013,7,M,3
7900,2019,04,014,2,M,1
7900,2019,04,014,3,F,1
7900,2019,04,014,3,M,2
7900,2019,04,014,4,F,1
7900,2019,04,014,4,M,2
7900,2019,04,014,5,F,2
7900,2019,04,014,5,M,9
7900,2019,04,014,6,M,1
7900,2019,04,014,7,M,1
7900,2019,04,015,1,F,1
7900,2019,04,015,1,M,1
7900,2019,04,015,2,F,2
7900,2019,04,015,3,M,1
7900,2019,04,015,4,F,2
7900,2019,04,015,4,M,2
7900,2019,04,015,5,F,2
7900,2019,04,015,5,M,3
7900,2019,04,015,6,M,2
7900,2019,04,016,3,M,2
7900,2019,04,016,4,F,1
7900,2019,04,016,4,M,2
7900,2019,04,016,5,F,1
7900,2019,04,016,5,M,4
7900,2019,04,016,6,M,3
7900,2019,04,017,5,M,3
7900,2019,04,017,6,M,1
7900,2019,06,001,2,F,4
7900,2019,06,001,2,M,7
7900,2019,06,001,3,F,3
7900,2019,06,001,3,M,10
7900,2019,06,001,4,F,10
7900,2019,06,001,4,M,14
7900,2019,06,001,5,F,17
7900,2019,06,001,5,M,59
7900,2019,06,001,6,F,2
7900,2019,06,001,6,M,42
7900,2019,06,001,7,M,2
7900,2019,06,002,1,F,1
7900,2019,06,002,2,F,7
7900,2019,06,002,2,M,9
7900,2019,06,002,3,F,5
7900,2019,06,002,3,M,5
7900,2019,06,002,4,F,10
7900,2019,06,002,4,M,20
7900,2019,06,002,5,F,22
7900,2019,06,002,5,M,99
7900,2019,06,002,6,F,7
7900,2019,06,002,6,M,69
7900,2019,06,002,7,M,1
7900,2019,06,003,2,F,1
7900,2019,06,003,2,M,2
7900,2019,06,003,3,F,1
7900,2019,06,003,3,M,1
7900,2019,06,003,4,F,2
7900,2019,06,003,4,M,4
7900,2019,06,003,5,F,6
7900,2019,06,003,5,M,12
7900,2019,06,003,6,F,1
7900,2019,06,003,6,M,15
7900,2019,06,004,2,F,1
7900,2019,06,004,2,M,2
7900,2019,06,004,3,F,1
7900,2019,06,004,3,M,2
7900,2019,06,004,5,F,1
7900,2019,06,004,5,M,3
7900,2019,06,004,6,F,1
7900,2019,06,004,6,M,1
7900,2019,06,005,2,F,1
7900,2019,06,005,2,M,3
7900,2019,06,005,3,F,1
7900,2019,06,005,3,M,4
7900,2019,06,005,4,M,4
7900,2019,06,005,5,F,1
7900,2019,06,005,5,M,10
7900,2019,06,005,6,F,1
7900,2019,06,005,6,M,5
7900,2019,06,005,7,M,1
7900,2019,06,006,2,F,1
7900,2019,06,006,4,F,1
7900,2019,06,006,4,M,3
7900,2019,06,006,5,F,2
7900,2019,06,006,5,M,4
7900,2019,06,006,6,M,9
7900,2019,06,007,3,F,2
7900,2019,06,007,4,F,2
7900,2019,06,007,4,M,1
7900,2019,06,007,5,F,1
7900,2019,06,007,5,M,11
7900,2019,06,007,6,F,2
7900,2019,06,007,6,M,19
7900,2019,06,007,7,M,1
7900,2019,06,008,1,M,1
7900,2019,06,008,2,F,3
7900,2019,06,008,2,M,2
7900,2019,06,008,3,M,2
7900,2019,06,008,4,F,7
7900,2019,06,008,4,M,6
7900,2019,06,008,5,F,1
7900,2019,06,008,5,M,25
7900,2019,06,008,6,F,1
7900,2019,06,008,6,M,23
7900,2019,06,009,1,M,1
7900,2019,06,009,3,F,1
7900,2019,06,009,3,M,1
7900,2019,06,009,4,F,9
7900,2019,06,009,4,M,9
7900,2019,06,009,5,F,5
7900,2019,06,009,5,M,22
7900,2019,06,009,6,F,4
7900,2019,06,009,6,M,44
7900,2019,06,009,7,M,5
7900,2019,06,010,3,M,1
7900,2019,06,010,4,M,2
7900,2019,06,010,5,M,5
7900,2019,06,010,6,M,6
7900,2019,06,011,2,F,2
7900,2019,06,011,2,M,2
7900,2019,06,011,3,M,3
7900,2019,06,011,4,F,5
7900,2019,06,011,4,M,4
7900,2019,06,011,5,F,1
7900,2019,06,011,5,M,17
7900,2019,06,011,6,M,17
7900,2019,06,012,3,F,1
7900,2019,06,012,3,M,1
7900,2019,06,012,4,F,1
7900,2019,06,012,4,M,5
7900,2019,06,012,5,F,3
7900,2019,06,012,5,M,16
7900,2019,06,012,6,M,25
7900,2019,06,013,2,F,1
7900,2019,06,013,2,M,2
7900,2019,06,013,3,F,2
7900,2019,06,013,3,M,3
7900,2019,06,013,4,F,13
7900,2019,06,013,4,M,8
7900,2019,06,013,5,F,11
7900,2019,06,013,5,M,41
7900,2019,06,013,6,F,4
7900,2019,06,013,6,M,40
7900,2019,06,013,7,M,2
7900,2019,06,014,1,M,1
7900,2019,06,014,2,F,1
7900,2019,06,014,2,M,2
7900,2019,06,014,4,F,3
7900,2019,06,014,4,M,1
7900,2019,06,014,5,M,5
7900,2019,06,014,6,F,1
7900,2019,06,014,6,M,5
7900,2019,06,015,2,M,2
7900,2019,06,015,3,F,1
7900,2019,06,015,4,F,2
7900,2019,06,015,4,M,3
7900,2019,06,015,5,M,7
7900,2019,06,015,6,M,4
7900,2019,06,016,3,M,2
7900,2019,06,016,4,F,2
7900,2019,06,016,4,M,3
7900,2019,06,016,6,M,2
7900,2019,06,017,2,M,1
7900,2019,06,017,4,F,1
7900,2019,06,017,6,M,4
7900,2019,06,999,5,M,1
7900,2019,07,001,1,F,2
7900,2019,07,001,1,M,3
7900,2019,07,002,1,F,58
7900,2019,07,002,1,M,78
7900,2019,07,003,1,M,2
7900,2019,07,004,1,F,19
7900,2019,07,004,1,M,31
7900,2019,07,005,1,F,8
7900,2019,07,005,1,M,17
7900,2019,07,006,1,F,28
7900,2019,07,006,1,M,38
7900,2019,07,007,1,F,19
7900,2019,07,007,1,M,22
7900,2019,07,007,2,F,1
7900,2019,07,008,1,F,24
7900,2019,07,008,1,M,54
7900,2019,07,009,1,F,1
7900,2019,07,009,1,M,7
7900,2019,07,010,1,F,12
7900,2019,07,010,1,M,32
7900,2019,07,010,2,M,1
7900,2019,07,011,1,F,44
7900,2019,07,011,1,M,58
7900,2019,07,011,2,F,1
7900,2019,07,012,1,F,12
7900,2019,07,012,1,M,7
7900,2019,07,013,1,F,12
7900,2019,07,013,1,M,24
7900,2019,07,014,1,F,23
7900,2019,07,014,1,M,13
7900,2019,07,015,1,F,12
7900,2019,07,015,1,M,28
7900,2019,07,016,1,M,6
7900,2019,07,017,1,F,1
7900,2019,07,017,1,M,1
7900,2019,09,001,2,F,2
7900,2019,09,001,2,M,4
7900,2019,09,001,3,F,1
7900,2019,09,001,3,M,9
7900,2019,09,001,4,F,8
7900,2019,09,001,4,M,9
7900,2019,09,001,5,F,17
7900,2019,09,001,5,M,51
7900,2019,09,001,6,F,4
7900,2019,09,001,6,M,67
7900,2019,09,001,7,M,3
7900,2019,09,002,1,F,2
7900,2019,09,002,1,M,2
7900,2019,09,002,2,F,6
7900,2019,09,002,2,M,6
7900,2019,09,002,3,F,6
7900,2019,09,002,3,M,3
7900,2019,09,002,4,F,30
7900,2019,09,002,4,M,15
7900,2019,09,002,5,F,35
7900,2019,09,002,5,M,92
7900,2019,09,002,6,F,3
7900,2019,09,002,6,M,58
7900,2019,09,002,7,M,2
7900,2019,09,003,2,F,1
7900,2019,09,003,2,M,1
7900,2019,09,003,3,F,2
7900,2019,09,003,3,M,2
7900,2019,09,003,4,F,4
7900,2019,09,003,4,M,5
7900,2019,09,003,5,F,5
7900,2019,09,003,5,M,14
7900,2019,09,003,6,F,1
7900,2019,09,003,6,M,19
7900,2019,09,003,7,M,1
7900,2019,09,004,1,M,1
7900,2019,09,004,3,F,1
7900,2019,09,004,4,F,3
7900,2019,09,004,4,M,3
7900,2019,09,004,5,F,1
7900,2019,09,004,5,M,10
7900,2019,09,005,2,M,1
7900,2019,09,005,3,F,2
7900,2019,09,005,4,F,4
7900,2019,09,005,4,M,2
7900,2019,09,005,5,M,2
7900,2019,09,005,6,M,1
7900,2019,09,006,3,M,1
7900,2019,09,006,4,F,3
7900,2019,09,006,4,M,6
7900,2019,09,006,5,F,4
7900,2019,09,006,5,M,4
7900,2019,09,006,6,F,1
7900,2019,09,006,6,M,2
7900,2019,09,007,2,M,2
7900,2019,09,007,4,F,1
7900,2019,09,007,4,M,3
7900,2019,09,007,5,F,1
7900,2019,09,007,5,M,9
7900,2019,09,007,6,M,2
7900,2019,09,008,1,M,5
7900,2019,09,008,2,F,1
7900,2019,09,008,2,M,3
7900,2019,09,008,3,F,1
7900,2019,09,008,3,M,1
7900,2019,09,008,4,F,4
7900,2019,09,008,4,M,10
7900,2019,09,008,5,F,3
7900,2019,09,008,5,M,14
7900,2019,09,008,6,M,16
7900,2019,09,008,7,M,1
7900,2019,09,009,1,F,1
7900,2019,09,009,2,F,2
7900,2019,09,009,3,F,2
7900,2019,09,009,3,M,1
7900,2019,09,009,4,F,8
7900,2019,09,009,4,M,11
7900,2019,09,009,5,F,5
7900,2019,09,009,5,M,35
7900,2019,09,009,6,F,1
7900,2019,09,009,6,M,39
7900,2019,09,009,7,M,1
7900,2019,09,010,2,M,1
7900,2019,09,010,3,F,1
7900,2019,09,010,4,M,1
7900,2019,09,010,5,M,4
7900,2019,09,010,6,F,1
7900,2019,09,010,6,M,5
7900,2019,09,011,2,F,2
7900,2019,09,011,2,M,4
7900,2019,09,011,4,F,2
7900,2019,09,011,4,M,10
7900,2019,09,011,5,F,2
7900,2019,09,011,5,M,32
7900,2019,09,011,6,M,22
7900,2019,09,011,7,F,1
7900,2019,09,011,7,M,2
7900,2019,09,012,2,M,1
7900,2019,09,012,3,F,2
7900,2019,09,012,3,M,1
7900,2019,09,012,4,F,5
7900,2019,09,012,4,M,2
7900,2019,09,012,5,F,2
7900,2019,09,012,5,M,18
7900,2019,09,012,6,F,2
7900,2019,09,012,6,M,17
7900,2019,09,013,2,F,4
7900,2019,09,013,2,M,3
7900,2019,09,013,3,F,5
7900,2019,09,013,3,M,8
7900,2019,09,013,4,F,17
7900,2019,09,013,4,M,18
7900,2019,09,013,5,F,15
7900,2019,09,013,5,M,36
7900,2019,09,013,6,F,2
7900,2019,09,013,6,M,42
7900,2019,09,013,7,M,1
7900,2019,09,014,4,F,1
7900,2019,09,014,4,M,1
7900,2019,09,014,5,M,1
7900,2019,09,014,6,M,2
7900,2019,09,015,1,F,2
7900,2019,09,015,2,F,1
7900,2019,09,015,3,F,1
7900,2019,09,015,3,M,1
7900,2019,09,015,4,F,1
7900,2019,09,015,4,M,2
7900,2019,09,015,5,F,1
7900,2019,09,015,5,M,8
7900,2019,09,015,6,F,1
7900,2019,09,015,6,M,4
7900,2019,09,016,3,F,3
7900,2019,09,016,3,M,2
7900,2019,09,016,4,F,4
7900,2019,09,016,4,M,2
7900,2019,09,016,5,F,1
7900,2019,09,016,5,M,4
7900,2019,09,016,6,M,3
7900,2019,09,017,4,M,1
7900,2019,09,017,5,M,1
7900,2019,09,017,6,M,1
7900,2019,09,999,5,M,1
7900,2019,12,001,1,F,1
7900,2019,12,001,1,M,2
7900,2019,12,001,2,F,2
7900,2019,12,001,2,M,11
7900,2019,12,001,3,F,7
7900,2019,12,001,3,M,6
7900,2019,12,001,4,F,6
7900,2019,12,001,4,M,26
7900,2019,12,001,5,F,19
7900,2019,12,001,5,M,49
7900,2019,12,001,6,F,4
7900,2019,12,001,6,M,38
7900,2019,12,002,1,F,6
7900,2019,12,002,1,M,5
7900,2019,12,002,2,F,5
7900,2019,12,002,2,M,9
7900,2019,12,002,3,F,8
7900,2019,12,002,3,M,10
7900,2019,12,002,4,F,19
7900,2019,12,002,4,M,39
7900,2019,12,002,5,F,37
7900,2019,12,002,5,M,97
7900,2019,12,002,6,F,7
7900,2019,12,002,6,M,77
7900,2019,12,003,3,F,4
7900,2019,12,003,3,M,3
7900,2019,12,003,4,F,4
7900,2019,12,003,4,M,5
7900,2019,12,003,5,F,1
7900,2019,12,003,5,M,25
7900,2019,12,003,6,F,3
7900,2019,12,003,6,M,24
7900,2019,12,004,1,F,1
7900,2019,12,004,2,M,1
7900,2019,12,004,3,F,2
7900,2019,12,004,3,M,3
7900,2019,12,004,4,F,1
7900,2019,12,004,4,M,5
7900,2019,12,004,5,F,2
7900,2019,12,004,5,M,11
7900,2019,12,004,6,F,1
7900,2019,12,004,6,M,9
7900,2019,12,005,1,F,1
7900,2019,12,005,1,M,4
7900,2019,12,005,2,M,3
7900,2019,12,005,3,F,3
7900,2019,12,005,3,M,3
7900,2019,12,005,4,F,1
7900,2019,12,005,4,M,7
7900,2019,12,005,5,M,10
7900,2019,12,005,6,M,3
7900,2019,12,005,7,M,1
7900,2019,12,006,1,F,2
7900,2019,12,006,1,M,2
7900,2019,12,006,2,F,1
7900,2019,12,006,2,M,1
7900,2019,12,006,3,F,1
7900,2019,12,006,3,M,2
7900,2019,12,006,4,F,1
7900,2019,12,006,4,M,5
7900,2019,12,006,5,F,1
7900,2019,12,006,5,M,9
7900,2019,12,006,6,M,8
7900,2019,12,007,1,M,1
7900,2019,12,007,2,F,1
7900,2019,12,007,3,F,2
7900,2019,12,007,3,M,1
7900,2019,12,007,4,M,4
7900,2019,12,007,5,F,2
7900,2019,12,007,5,M,16
7900,2019,12,007,6,M,18
7900,2019,12,007,7,M,1
7900,2019,12,008,1,F,5
7900,2019,12,008,1,M,4
7900,2019,12,008,2,M,3
7900,2019,12,008,3,F,1
7900,2019,12,008,3,M,2
7900,2019,12,008,4,F,3
7900,2019,12,008,4,M,5
7900,2019,12,008,5,F,12
7900,2019,12,008,5,M,25
7900,2019,12,008,6,F,1
7900,2019,12,008,6,M,39
7900,2019,12,008,7,M,1
7900,2019,12,009,1,F,1
7900,2019,12,009,1,M,1
7900,2019,12,009,2,F,1
7900,2019,12,009,2,M,1
7900,2019,12,009,3,M,7
7900,2019,12,009,4,F,10
7900,2019,12,009,4,M,11
7900,2019,12,009,5,F,8
7900,2019,12,009,5,M,45
7900,2019,12,009,6,F,2
7900,2019,12,009,6,M,54
7900,2019,12,009,7,M,1
7900,2019,12,010,1,F,1
7900,2019,12,010,1,M,2
7900,2019,12,010,3,F,1
7900,2019,12,010,3,M,2
7900,2019,12,010,4,F,6
7900,2019,12,010,4,M,8
7900,2019,12,010,5,F,2
7900,2019,12,010,5,M,4
7900,2019,12,010,6,F,1
7900,2019,12,010,6,M,18
7900,2019,12,010,7,M,2
7900,2019,12,011,1,F,1
7900,2019,12,011,1,M,1
7900,2019,12,011,2,F,1
7900,2019,12,011,2,M,1
7900,2019,12,011,3,F,3
7900,2019,12,011,3,M,6
7900,2019,12,011,4,F,3
7900,2019,12,011,4,M,18
7900,2019,12,011,5,F,9
7900,2019,12,011,5,M,25
7900,2019,12,011,6,F,1
7900,2019,12,011,6,M,27
7900,2019,12,011,7,M,2
7900,2019,12,012,2,M,1
7900,2019,12,012,3,F,2
7900,2019,12,012,3,M,2
7900,2019,12,012,4,F,6
7900,2019,12,012,4,M,7
7900,2019,12,012,5,F,14
7900,2019,12,012,5,M,30
7900,2019,12,012,6,F,1
7900,2019,12,012,6,M,23
7900,2019,12,013,2,M,4
7900,2019,12,013,3,F,2
7900,2019,12,013,3,M,5
7900,2019,12,013,4,F,5
7900,2019,12,013,4,M,7
7900,2019,12,013,5,F,19
7900,2019,12,013,5,M,32
7900,2019,12,013,6,M,44
7900,2019,12,014,3,M,1
7900,2019,12,014,4,F,2
7900,2019,12,014,4,M,4
7900,2019,12,014,5,F,3
7900,2019,12,014,5,M,3
7900,2019,12,014,6,F,1
7900,2019,12,014,6,M,4
7900,2019,12,015,2,F,1
7900,2019,12,015,2,M,1
7900,2019,12,015,3,F,1
7900,2019,12,015,4,F,5
7900,2019,12,015,4,M,3
7900,2019,12,015,5,F,2
7900,2019,12,015,5,M,6
7900,2019,12,015,6,M,2
7900,2019,12,016,2,F,2
7900,2019,12,016,3,F,1
7900,2019,12,016,4,F,2
7900,2019,12,016,4,M,4
7900,2019,12,016,5,F,1
7900,2019,12,016,5,M,5
7900,2019,12,016,6,M,3
7900,2019,12,017,3,M,1
7900,2019,12,017,4,M,3
7900,2019,12,017,5,M,4
7900,2019,12,017,6,F,2
7900,2019,12,017,6,M,4
7900,2019,12,999,5,M,2
7900,2020,03,001,4,M,1
7900,2020,05,001,2,F,2
7900,2020,05,001,2,M,10
7900,2020,05,001,3,F,2
7900,2020,05,001,3,M,10
7900,2020,05,001,4,F,8
7900,2020,05,001,4,M,18
7900,2020,05,001,5,F,25
7900,2020,05,001,5,M,63
7900,2020,05,001,6,F,4
7900,2020,05,001,6,M,74
7900,2020,05,001,7,M,2
7900,2020,05,002,2,F,4
7900,2020,05,002,2,M,8
7900,2020,05,002,3,F,5
7900,2020,05,002,3,M,8
7900,2020,05,002,4,F,26
7900,2020,05,002,4,M,33
7900,2020,05,002,5,F,26
7900,2020,05,002,5,M,99
7900,2020,05,002,6,F,6
7900,2020,05,002,6,M,74
7900,2020,05,002,7,F,1
7900,2020,05,002,7,M,1
7900,2020,05,003,2,F,1
7900,2020,05,003,2,M,2
7900,2020,05,003,3,F,2
7900,2020,05,003,3,M,4
7900,2020,05,003,4,F,3
7900,2020,05,003,4,M,2
7900,2020,05,003,5,F,6
7900,2020,05,003,5,M,14
7900,2020,05,003,6,F,1
7900,2020,05,003,6,M,25
7900,2020,05,004,2,M,2
7900,2020,05,004,3,M,1
7900,2020,05,004,4,M,4
7900,2020,05,004,5,F,5
7900,2020,05,004,5,M,13
7900,2020,05,004,6,M,15
7900,2020,05,004,7,M,1
7900,2020,05,005,2,M,2
7900,2020,05,005,3,M,2
7900,2020,05,005,4,M,3
7900,2020,05,005,5,F,2
7900,2020,05,005,5,M,4
7900,2020,05,005,6,M,2
7900,2020,05,006,2,F,1
7900,2020,05,006,3,F,1
7900,2020,05,006,3,M,1
7900,2020,05,006,4,F,2
7900,2020,05,006,4,M,4
7900,2020,05,006,5,F,2
7900,2020,05,006,5,M,9
7900,2020,05,006,6,F,2
7900,2020,05,006,6,M,5
7900,2020,05,007,2,F,1
7900,2020,05,007,3,F,1
7900,2020,05,007,3,M,3
7900,2020,05,007,4,F,2
7900,2020,05,007,4,M,3
7900,2020,05,007,5,F,4
7900,2020,05,007,5,M,8
7900,2020,05,007,6,F,1
7900,2020,05,007,6,M,20
7900,2020,05,008,3,M,4
7900,2020,05,008,4,F,2
7900,2020,05,008,4,M,7
7900,2020,05,008,5,F,3
7900,2020,05,008,5,M,9
7900,2020,05,008,6,F,3
7900,2020,05,008,6,M,13
7900,2020,05,009,2,F,1
7900,2020,05,009,3,F,3
7900,2020,05,009,3,M,2
7900,2020,05,009,4,F,6
7900,2020,05,009,4,M,5
7900,2020,05,009,5,F,9
7900,2020,05,009,5,M,29
7900,2020,05,009,6,F,3
7900,2020,05,009,6,M,42
7900,2020,05,009,7,M,1
7900,2020,05,010,2,F,1
7900,2020,05,010,2,M,1
7900,2020,05,010,3,F,3
7900,2020,05,010,4,F,4
7900,2020,05,010,4,M,4
7900,2020,05,010,5,F,2
7900,2020,05,010,5,M,8
7900,2020,05,010,6,M,11
7900,2020,05,011,2,M,1
7900,2020,05,011,3,F,1
7900,2020,05,011,3,M,2
7900,2020,05,011,4,F,5
7900,2020,05,011,4,M,8
7900,2020,05,011,5,F,3
7900,2020,05,011,5,M,16
7900,2020,05,011,6,M,6
7900,2020,05,012,2,M,2
7900,2020,05,012,3,F,1
7900,2020,05,012,4,F,5
7900,2020,05,012,4,M,2
7900,2020,05,012,5,F,8
7900,2020,05,012,5,M,14
7900,2020,05,012,6,F,1
7900,2020,05,012,6,M,17
7900,2020,05,013,1,F,1
7900,2020,05,013,2,F,3
7900,2020,05,013,2,M,2
7900,2020,05,013,3,F,2
7900,2020,05,013,3,M,1
7900,2020,05,013,4,F,1
7900,2020,05,013,4,M,9
7900,2020,05,013,5,F,4
7900,2020,05,013,5,M,18
7900,2020,05,013,6,F,1
7900,2020,05,013,6,M,35
7900,2020,05,014,2,F,1
7900,2020,05,014,3,F,1
7900,2020,05,014,4,F,3
7900,2020,05,014,4,M,2
7900,2020,05,014,5,F,2
7900,2020,05,014,5,M,3
7900,2020,05,014,6,M,3
7900,2020,05,015,2,M,1
7900,2020,05,015,3,F,1
7900,2020,05,015,3,M,1
7900,2020,05,015,4,F,5
7900,2020,05,015,4,M,2
7900,2020,05,015,5,F,4
7900,2020,05,015,5,M,3
7900,2020,05,015,6,M,3
7900,2020,05,016,2,F,1
7900,2020,05,016,4,F,4
7900,2020,05,016,4,M,1
7900,2020,05,016,5,F,2
7900,2020,05,016,5,M,5
7900,2020,05,016,6,M,6
7900,2020,05,017,2,M,1
7900,2020,05,017,4,F,1
7900,2020,05,017,4,M,2
7900,2020,05,017,5,F,1
7900,2020,05,017,5,M,4
7900,2020,05,017,6,M,4
7900,2020,07,001,1,F,1
7900,2020,07,001,2,F,1
7900,2020,07,001,2,M,5
7900,2020,07,001,3,F,3
7900,2020,07,001,3,M,5
7900,2020,07,001,4,F,7
7900,2020,07,001,4,M,19
7900,2020,07,001,5,F,16
7900,2020,07,001,5,M,50
7900,2020,07,001,6,F,2
7900,2020,07,001,6,M,41
7900,2020,07,001,7,M,1
7900,2020,07,002,1,M,3
7900,2020,07,002,2,F,4
7900,2020,07,002,2,M,5
7900,2020,07,002,3,F,5
7900,2020,07,002,3,M,7
7900,2020,07,002,4,F,13
7900,2020,07,002,4,M,16
7900,2020,07,002,5,F,20
7900,2020,07,002,5,M,68
7900,2020,07,002,6,F,2
7900,2020,07,002,6,M,84
7900,2020,07,002,7,M,2
7900,2020,07,003,2,M,5
7900,2020,07,003,3,F,1
7900,2020,07,003,3,M,3
7900,2020,07,003,4,F,3
7900,2020,07,003,4,M,4
7900,2020,07,003,5,F,10
7900,2020,07,003,5,M,15
7900,2020,07,003,6,M,29
7900,2020,07,004,3,F,3
7900,2020,07,004,3,M,1
7900,2020,07,004,4,F,3
7900,2020,07,004,4,M,5
7900,2020,07,004,5,F,3
7900,2020,07,004,5,M,17
7900,2020,07,004,6,F,1
7900,2020,07,004,6,M,5
7900,2020,07,004,7,M,2
7900,2020,07,005,2,F,1
7900,2020,07,005,2,M,1
7900,2020,07,005,3,F,1
7900,2020,07,005,3,M,1
7900,2020,07,005,4,F,2
7900,2020,07,005,4,M,4
7900,2020,07,005,6,M,3
7900,2020,07,006,2,M,2
7900,2020,07,006,3,F,1
7900,2020,07,006,4,M,1
7900,2020,07,006,5,F,1
7900,2020,07,006,5,M,14
7900,2020,07,006,6,M,2
7900,2020,07,007,2,F,2
7900,2020,07,007,2,M,3
7900,2020,07,007,3,M,1
7900,2020,07,007,4,M,7
7900,2020,07,007,5,F,1
7900,2020,07,007,5,M,13
7900,2020,07,007,6,F,1
7900,2020,07,007,6,M,4
7900,2020,07,008,1,F,1
7900,2020,07,008,1,M,1
7900,2020,07,008,2,F,1
7900,2020,07,008,2,M,2
7900,2020,07,008,3,F,2
7900,2020,07,008,3,M,1
7900,2020,07,008,4,F,3
7900,2020,07,008,4,M,6
7900,2020,07,008,5,F,2
7900,2020,07,008,5,M,11
7900,2020,07,008,6,M,17
7900,2020,07,009,2,F,2
7900,2020,07,009,2,M,3
7900,2020,07,009,3,F,2
7900,2020,07,009,3,M,2
7900,2020,07,009,4,F,3
7900,2020,07,009,4,M,7
7900,2020,07,009,5,F,7
7900,2020,07,009,5,M,38
7900,2020,07,009,6,F,2
7900,2020,07,009,6,M,39
7900,2020,07,010,2,F,1
7900,2020,07,010,2,M,1
7900,2020,07,010,4,M,5
7900,2020,07,010,5,F,3
7900,2020,07,010,5,M,15
7900,2020,07,010,6,F,1
7900,2020,07,010,6,M,18
7900,2020,07,011,1,F,2
7900,2020,07,011,1,M,1
7900,2020,07,011,2,F,2
7900,2020,07,011,2,M,1
7900,2020,07,011,3,F,2
7900,2020,07,011,3,M,4
7900,2020,07,011,4,F,4
7900,2020,07,011,4,M,5
7900,2020,07,011,5,F,2
7900,2020,07,011,5,M,26
7900,2020,07,011,6,M,39
7900,2020,07,011,7,M,1
7900,2020,07,012,3,M,1
7900,2020,07,012,4,F,2
7900,2020,07,012,4,M,2
7900,2020,07,012,5,F,1
7900,2020,07,012,5,M,17
7900,2020,07,012,6,M,18
7900,2020,07,013,2,F,2
7900,2020,07,013,2,M,1
7900,2020,07,013,3,F,3
7900,2020,07,013,3,M,2
7900,2020,07,013,4,F,9
7900,2020,07,013,4,M,4
7900,2020,07,013,5,F,6
7900,2020,07,013,5,M,23
7900,2020,07,013,6,F,2
7900,2020,07,013,6,M,47
7900,2020,07,014,2,M,1
7900,2020,07,014,3,F,1
7900,2020,07,014,3,M,2
7900,2020,07,014,4,F,2
7900,2020,07,014,4,M,3
7900,2020,07,014,5,F,4
7900,2020,07,014,5,M,5
7900,2020,07,014,6,M,3
7900,2020,07,015,1,F,1
7900,2020,07,015,2,F,1
7900,2020,07,015,2,M,2
7900,2020,07,015,3,F,3
7900,2020,07,015,5,F,2
7900,2020,07,015,5,M,8
7900,2020,07,015,6,M,4
7900,2020,07,016,2,M,2
7900,2020,07,016,4,M,1
7900,2020,07,016,5,M,2
7900,2020,07,016,6,M,2
7900,2020,07,017,2,F,1
7900,2020,07,017,3,M,1
7900,2020,07,017,4,M,1
7900,2020,07,017,5,M,5
7900,2020,07,017,6,M,2
7900,2020,07,999,2,F,1
7900,2020,07,999,5,M,1
7900,2020,08,001,1,F,5
7900,2020,08,001,1,M,15
7900,2020,08,002,1,F,54
7900,2020,08,002,1,M,75
7900,2020,08,003,1,F,1
7900,2020,08,003,1,M,2
7900,2020,08,004,1,F,20
7900,2020,08,004,1,M,14
7900,2020,08,005,1,F,12
7900,2020,08,005,1,M,18
7900,2020,08,006,1,F,13
7900,2020,08,006,1,M,24
7900,2020,08,007,1,F,1
7900,2020,08,007,1,M,8
7900,2020,08,008,1,F,22
7900,2020,08,008,1,M,45
7900,2020,08,009,1,F,2
7900,2020,08,009,1,M,5
7900,2020,08,010,1,F,9
7900,2020,08,010,1,M,36
7900,2020,08,011,1,F,26
7900,2020,08,011,1,M,43
7900,2020,08,012,1,F,1
7900,2020,08,012,1,M,10
7900,2020,08,013,1,F,5
7900,2020,08,013,1,M,19
7900,2020,08,015,1,F,8
7900,2020,08,015,1,M,16
7900,2020,08,016,1,M,5
7900,2020,10,001,2,F,1
7900,2020,10,001,2,M,6
7900,2020,10,001,3,F,3
7900,2020,10,001,3,M,11
7900,2020,10,001,4,F,19
7900,2020,10,001,4,M,20
7900,2020,10,001,5,F,21
7900,2020,10,001,5,M,91
7900,2020,10,001,6,F,5
7900,2020,10,001,6,M,77
7900,2020,10,001,7,M,2
7900,2020,10,002,1,F,3
7900,2020,10,002,1,M,5
7900,2020,10,002,2,F,4
7900,2020,10,002,2,M,11
7900,2020,10,002,3,F,5
7900,2020,10,002,3,M,11
7900,2020,10,002,4,F,27
7900,2020,10,002,4,M,25
7900,2020,10,002,5,F,26
7900,2020,10,002,5,M,95
7900,2020,10,002,6,F,12
7900,2020,10,002,6,M,85
7900,2020,10,003,1,M,1
7900,2020,10,003,2,F,3
7900,2020,10,003,3,M,1
7900,2020,10,003,4,F,2
7900,2020,10,003,4,M,4
7900,2020,10,003,5,F,8
7900,2020,10,003,5,M,17
7900,2020,10,003,6,M,17
7900,2020,10,003,7,M,1
7900,2020,10,004,1,M,18
7900,2020,10,004,2,F,3
7900,2020,10,004,2,M,2
7900,2020,10,004,3,F,1
7900,2020,10,004,3,M,1
7900,2020,10,004,4,F,8
7900,2020,10,004,4,M,3
7900,2020,10,004,5,F,10
7900,2020,10,004,5,M,24
7900,2020,10,004,6,M,20
7900,2020,10,004,7,M,1
7900,2020,10,005,1,M,1
7900,2020,10,005,3,F,1
7900,2020,10,005,4,F,3
7900,2020,10,005,4,M,1
7900,2020,10,005,5,M,2
7900,2020,10,005,6,M,5
7900,2020,10,006,1,F,6
7900,2020,10,006,1,M,7
7900,2020,10,006,2,M,1
7900,2020,10,006,3,F,1
7900,2020,10,006,3,M,2
7900,2020,10,006,4,F,5
7900,2020,10,006,4,M,4
7900,2020,10,006,5,F,3
7900,2020,10,006,5,M,9
7900,2020,10,006,6,F,1
7900,2020,10,006,6,M,9
7900,2020,10,006,7,M,1
7900,2020,10,007,1,F,10
7900,2020,10,007,1,M,16
7900,2020,10,007,2,M,2
7900,2020,10,007,3,M,3
7900,2020,10,007,4,F,1
7900,2020,10,007,4,M,4
7900,2020,10,007,5,F,3
7900,2020,10,007,5,M,20
7900,2020,10,007,6,M,30
7900,2020,10,008,1,F,1
7900,2020,10,008,1,M,1
7900,2020,10,008,2,F,3
7900,2020,10,008,3,M,2
7900,2020,10,008,4,F,2
7900,2020,10,008,4,M,4
7900,2020,10,008,5,M,19
7900,2020,10,008,6,M,20
7900,2020,10,009,1,F,3
7900,2020,10,009,1,M,2
7900,2020,10,009,2,F,2
7900,2020,10,009,3,F,2
7900,2020,10,009,3,M,2
7900,2020,10,009,4,F,10
7900,2020,10,009,4,M,7
7900,2020,10,009,5,F,13
7900,2020,10,009,5,M,35
7900,2020,10,009,6,F,5
7900,2020,10,009,6,M,72
7900,2020,10,009,7,M,1
7900,2020,10,010,1,F,1
7900,2020,10,010,3,F,1
7900,2020,10,010,3,M,1
7900,2020,10,010,4,F,1
7900,2020,10,010,4,M,1
7900,2020,10,010,5,F,4
7900,2020,10,010,5,M,9
7900,2020,10,010,6,M,21
7900,2020,10,010,7,M,2
7900,2020,10,011,1,F,2
7900,2020,10,011,1,M,1
7900,2020,10,011,2,F,3
7900,2020,10,011,3,F,3
7900,2020,10,011,4,F,5
7900,2020,10,011,4,M,7
7900,2020,10,011,5,F,5
7900,2020,10,011,5,M,18
7900,2020,10,011,6,M,20
7900,2020,10,011,7,M,1
7900,2020,10,012,3,F,2
7900,2020,10,012,4,F,1
7900,2020,10,012,4,M,1
7900,2020,10,012,5,F,4
7900,2020,10,012,5,M,14
7900,2020,10,012,6,F,1
7900,2020,10,012,6,M,27
7900,2020,10,013,2,F,2
7900,2020,10,013,2,M,6
7900,2020,10,013,3,F,3
7900,2020,10,013,3,M,1
7900,2020,10,013,4,F,8
7900,2020,10,013,4,M,7
7900,2020,10,013,5,F,10
7900,2020,10,013,5,M,29
7900,2020,10,013,6,F,1
7900,2020,10,013,6,M,35
7900,2020,10,013,7,M,1
7900,2020,10,014,1,F,19
7900,2020,10,014,1,M,13
7900,2020,10,014,2,M,1
7900,2020,10,014,3,M,1
7900,2020,10,014,4,F,5
7900,2020,10,014,5,F,2
7900,2020,10,014,5,M,4
7900,2020,10,014,6,M,1
7900,2020,10,015,1,F,1
7900,2020,10,015,1,M,1
7900,2020,10,015,2,M,1
7900,2020,10,015,4,F,3
7900,2020,10,015,4,M,2
7900,2020,10,015,5,F,3
7900,2020,10,015,5,M,6
7900,2020,10,015,6,M,4
7900,2020,10,016,2,F,2
7900,2020,10,016,2,M,1
7900,2020,10,016,4,F,1
7900,2020,10,016,5,F,1
7900,2020,10,016,5,M,5
7900,2020,10,017,2,M,1
7900,2020,10,017,4,F,1
7900,2020,10,017,4,M,1
7900,2020,10,017,5,F,2
7900,2020,10,017,5,M,8
7900,2020,10,017,6,F,1
7900,2020,10,017,6,M,6
7900,2020,12,001,1,F,1
7900,2020,12,001,1,M,1
7900,2020,12,001,2,F,4
7900,2020,12,001,2,M,11
7900,2020,12,001,3,F,6
7900,2020,12,001,3,M,7
7900,2020,12,001,4,F,13
7900,2020,12,001,4,M,21
7900,2020,12,001,5,F,21
7900,2020,12,001,5,M,59
7900,2020,12,001,6,F,2
7900,2020,12,001,6,M,52
7900,2020,12,001,7,M,1
7900,2020,12,002,1,F,3
7900,2020,12,002,1,M,1
7900,2020,12,002,2,F,11
7900,2020,12,002,2,M,9
7900,2020,12,002,3,F,14
7900,2020,12,002,3,M,11
7900,2020,12,002,4,F,30
7900,2020,12,002,4,M,35
7900,2020,12,002,5,F,38
7900,2020,12,002,5,M,121
7900,2020,12,002,6,F,7
7900,2020,12,002,6,M,116
7900,2020,12,002,7,M,3
7900,2020,12,003,2,F,6
7900,2020,12,003,2,M,6
7900,2020,12,003,3,F,4
7900,2020,12,003,3,M,3
7900,2020,12,003,4,F,8
7900,2020,12,003,4,M,10
7900,2020,12,003,5,F,10
7900,2020,12,003,5,M,34
7900,2020,12,003,6,F,1
7900,2020,12,003,6,M,35
7900,2020,12,003,7,M,2
7900,2020,12,004,1,M,2
7900,2020,12,004,2,F,2
7900,2020,12,004,2,M,2
7900,2020,12,004,3,F,1
7900,2020,12,004,3,M,3
7900,2020,12,004,4,F,7
7900,2020,12,004,4,M,9
7900,2020,12,004,5,M,19
7900,2020,12,004,6,F,1
7900,2020,12,004,6,M,28
7900,2020,12,004,7,M,1
7900,2020,12,005,2,F,2
7900,2020,12,005,2,M,1
7900,2020,12,005,3,M,3
7900,2020,12,005,4,F,3
7900,2020,12,005,5,F,5
7900,2020,12,005,5,M,10
7900,2020,12,005,6,M,4
7900,2020,12,006,1,F,1
7900,2020,12,006,2,F,3
7900,2020,12,006,2,M,1
7900,2020,12,006,3,F,2
7900,2020,12,006,3,M,1
7900,2020,12,006,4,F,1
7900,2020,12,006,4,M,3
7900,2020,12,006,5,F,6
7900,2020,12,006,5,M,7
7900,2020,12,006,6,F,3
7900,2020,12,006,6,M,11
7900,2020,12,006,7,M,1
7900,2020,12,007,2,F,1
7900,2020,12,007,3,F,3
7900,2020,12,007,4,F,3
7900,2020,12,007,4,M,2
7900,2020,12,007,5,F,3
7900,2020,12,007,5,M,22
7900,2020,12,007,6,F,1
7900,2020,12,007,6,M,17
7900,2020,12,008,1,M,4
7900,2020,12,008,2,M,1
7900,2020,12,008,3,F,2
7900,2020,12,008,3,M,4
7900,2020,12,008,4,F,8
7900,2020,12,008,4,M,5
7900,2020,12,008,5,F,6
7900,2020,12,008,5,M,26
7900,2020,12,008,6,F,2
7900,2020,12,008,6,M,29
7900,2020,12,009,1,M,1
7900,2020,12,009,2,F,3
7900,2020,12,009,2,M,4
7900,2020,12,009,3,F,4
7900,2020,12,009,3,M,2
7900,2020,12,009,4,F,7
7900,2020,12,009,4,M,12
7900,2020,12,009,5,F,13
7900,2020,12,009,5,M,43
7900,2020,12,009,6,F,2
7900,2020,12,009,6,M,53
7900,2020,12,009,7,M,1
7900,2020,12,010,1,F,1
7900,2020,12,010,1,M,1
7900,2020,12,010,2,F,1
7900,2020,12,010,2,M,2
7900,2020,12,010,4,F,4
7900,2020,12,010,4,M,5
7900,2020,12,010,5,F,1
7900,2020,12,010,5,M,12
7900,2020,12,010,6,F,1
7900,2020,12,010,6,M,14
7900,2020,12,011,2,F,1
7900,2020,12,011,2,M,1
7900,2020,12,011,3,F,4
7900,2020,12,011,3,M,6
7900,2020,12,011,4,F,7
7900,2020,12,011,4,M,8
7900,2020,12,011,5,F,5
7900,2020,12,011,5,M,16
7900,2020,12,011,6,F,1
7900,2020,12,011,6,M,12
7900,2020,12,012,2,M,2
7900,2020,12,012,3,F,1
7900,2020,12,012,3,M,2
7900,2020,12,012,4,F,11
7900,2020,12,012,4,M,6
7900,2020,12,012,5,F,11
7900,2020,12,012,5,M,16
7900,2020,12,012,6,F,3
7900,2020,12,012,6,M,36
7900,2020,12,012,7,M,2
7900,2020,12,013,2,F,8
7900,2020,12,013,2,M,4
7900,2020,12,013,3,F,5
7900,2020,12,013,3,M,3
7900,2020,12,013,4,F,5
7900,2020,12,013,4,M,13
7900,2020,12,013,5,F,11
7900,2020,12,013,5,M,35
7900,2020,12,013,6,F,3
7900,2020,12,013,6,M,64
7900,2020,12,013,7,M,2
7900,2020,12,014,2,F,3
7900,2020,12,014,2,M,1
7900,2020,12,014,3,F,1
7900,2020,12,014,4,F,3
7900,2020,12,014,4,M,6
7900,2020,12,014,5,F,2
7900,2020,12,014,5,M,3
7900,2020,12,014,6,M,3
7900,2020,12,015,2,M,1
7900,2020,12,015,3,F,2
7900,2020,12,015,4,F,4
7900,2020,12,015,4,M,1
7900,2020,12,015,5,F,4
7900,2020,12,015,5,M,5
7900,2020,12,015,6,M,6
7900,2020,12,016,3,F,3
7900,2020,12,016,3,M,3
7900,2020,12,016,4,F,2
7900,2020,12,016,4,M,1
7900,2020,12,016,5,F,3
7900,2020,12,016,5,M,4
7900,2020,12,016,6,M,3
7900,2020,12,017,2,F,1
7900,2020,12,017,3,M,2
7900,2020,12,017,4,F,1
7900,2020,12,017,4,M,1
7900,2020,12,017,5,F,1
7900,2020,12,017,5,M,2
7900,2020,12,017,6,M,10
7900,2020,12,999,4,M,1
7900,2021,05,001,2,F,6
7900,2021,05,001,2,M,5
7900,2021,05,001,3,F,10
7900,2021,05,001,3,M,8
7900,2021,05,001,4,F,15
7900,2021,05,001,4,M,21
7900,2021,05,001,5,F,22
7900,2021,05,001,5,M,74
7900,2021,05,001,6,F,5
7900,2021,05,001,6,M,92
7900,2021,05,001,7,M,2
7900,2021,05,002,2,F,13
7900,2021,05,002,2,M,12
7900,2021,05,002,3,F,7
7900,2021,05,002,3,M,12
7900,2021,05,002,4,F,36
7900,2021,05,002,4,M,30
7900,2021,05,002,5,F,44
7900,2021,05,002,5,M,91
7900,2021,05,002,6,F,9
7900,2021,05,002,6,M,108
7900,2021,05,002,7,M,6
7900,2021,05,003,2,F,3
7900,2021,05,003,3,M,2
7900,2021,05,003,4,F,12
7900,2021,05,003,4,M,9
7900,2021,05,003,5,F,19
7900,2021,05,003,5,M,26
7900,2021,05,003,6,F,1
7900,2021,05,003,6,M,32
7900,2021,05,003,7,M,3
7900,2021,05,004,2,F,1
7900,2021,05,004,3,M,2
7900,2021,05,004,4,F,4
7900,2021,05,004,4,M,9
7900,2021,05,004,5,F,6
7900,2021,05,004,5,M,11
7900,2021,05,004,6,M,11
7900,2021,05,005,3,F,1
7900,2021,05,005,3,M,1
7900,2021,05,005,4,F,1
7900,2021,05,005,4,M,9
7900,2021,05,005,5,F,7
7900,2021,05,005,5,M,11
7900,2021,05,005,6,M,6
7900,2021,05,006,2,F,2
7900,2021,05,006,3,F,1
7900,2021,05,006,3,M,2
7900,2021,05,006,4,F,3
7900,2021,05,006,5,F,1
7900,2021,05,006,5,M,5
7900,2021,05,006,6,F,1
7900,2021,05,006,6,M,4
7900,2021,05,007,2,M,1
7900,2021,05,007,3,F,1
7900,2021,05,007,3,M,3
7900,2021,05,007,4,F,2
7900,2021,05,007,4,M,5
7900,2021,05,007,5,F,5
7900,2021,05,007,5,M,17
7900,2021,05,007,6,F,1
7900,2021,05,007,6,M,23
7900,2021,05,008,1,F,1
7900,2021,05,008,1,M,1
7900,2021,05,008,2,F,2
7900,2021,05,008,2,M,5
7900,2021,05,008,3,M,5
7900,2021,05,008,4,F,7
7900,2021,05,008,4,M,10
7900,2021,05,008,5,F,3
7900,2021,05,008,5,M,25
7900,2021,05,008,6,M,24
7900,2021,05,009,1,F,2
7900,2021,05,009,2,F,3
7900,2021,05,009,2,M,3
7900,2021,05,009,3,F,2
7900,2021,05,009,3,M,3
7900,2021,05,009,4,F,18
7900,2021,05,009,4,M,9
7900,2021,05,009,5,F,10
7900,2021,05,009,5,M,35
7900,2021,05,009,6,F,6
7900,2021,05,009,6,M,76
7900,2021,05,009,7,M,1
7900,2021,05,010,3,F,4
7900,2021,05,010,3,M,2
7900,2021,05,010,4,F,5
7900,2021,05,010,4,M,4
7900,2021,05,010,5,F,9
7900,2021,05,010,5,M,20
7900,2021,05,010,6,F,2
7900,2021,05,010,6,M,19
7900,2021,05,011,1,F,1
7900,2021,05,011,2,F,1
7900,2021,05,011,2,M,2
7900,2021,05,011,3,F,2
7900,2021,05,011,3,M,2
7900,2021,05,011,4,F,6
7900,2021,05,011,4,M,9
7900,2021,05,011,5,F,9
7900,2021,05,011,5,M,27
7900,2021,05,011,6,M,31
7900,2021,05,012,3,F,1
7900,2021,05,012,3,M,1
7900,2021,05,012,4,F,3
7900,2021,05,012,4,M,8
7900,2021,05,012,5,F,2
7900,2021,05,012,5,M,14
7900,2021,05,012,6,F,3
7900,2021,05,012,6,M,27
7900,2021,05,013,2,F,1
7900,2021,05,013,2,M,2
7900,2021,05,013,3,F,1
7900,2021,05,013,3,M,4
7900,2021,05,013,4,F,5
7900,2021,05,013,4,M,10
7900,2021,05,013,5,F,8
7900,2021,05,013,5,M,29
7900,2021,05,013,6,F,5
7900,2021,05,013,6,M,31
7900,2021,05,013,7,M,2
7900,2021,05,014,1,M,1
7900,2021,05,014,2,F,1
7900,2021,05,014,4,F,4
7900,2021,05,014,4,M,1
7900,2021,05,014,5,F,1
7900,2021,05,014,5,M,7
7900,2021,05,015,1,M,1
7900,2021,05,015,2,F,1
7900,2021,05,015,3,F,2
7900,2021,05,015,4,F,5
7900,2021,05,015,4,M,2
7900,2021,05,015,5,F,5
7900,2021,05,015,5,M,2
7900,2021,05,015,6,M,7
7900,2021,05,015,7,M,2
7900,2021,05,016,4,F,1
7900,2021,05,016,4,M,1
7900,2021,05,016,5,F,1
7900,2021,05,016,5,M,5
7900,2021,05,016,6,M,1
7900,2021,05,016,7,M,2
7900,2021,05,017,4,F,1
7900,2021,05,017,4,M,1
7900,2021,05,017,5,F,1
7900,2021,05,017,5,M,4
7900,2021,05,017,6,M,1
7900,2021,05,999,6,M,2
7900,2021,07,001,1,F,2
7900,2021,07,001,1,M,9
7900,2021,07,001,2,F,2
7900,2021,07,001,2,M,3
7900,2021,07,001,3,F,7
7900,2021,07,001,3,M,13
7900,2021,07,001,4,F,11
7900,2021,07,001,4,M,17
7900,2021,07,001,5,F,25
7900,2021,07,001,5,M,84
7900,2021,07,001,6,F,5
7900,2021,07,001,6,M,89
7900,2021,07,001,7,M,3
7900,2021,07,002,1,F,44
7900,2021,07,002,1,M,62
7900,2021,07,002,2,F,8
7900,2021,07,002,2,M,17
7900,2021,07,002,3,F,22
7900,2021,07,002,3,M,16
7900,2021,07,002,4,F,37
7900,2021,07,002,4,M,36
7900,2021,07,002,5,F,45
7900,2021,07,002,5,M,107
7900,2021,07,002,6,F,8
7900,2021,07,002,6,M,132
7900,2021,07,002,7,M,3
7900,2021,07,003,1,F,3
7900,2021,07,003,1,M,1
7900,2021,07,003,2,F,1
7900,2021,07,003,2,M,1
7900,2021,07,003,3,F,1
7900,2021,07,003,3,M,5
7900,2021,07,003,4,F,3
7900,2021,07,003,4,M,5
7900,2021,07,003,5,F,8
7900,2021,07,003,5,M,28
7900,2021,07,003,6,F,3
7900,2021,07,003,6,M,35
7900,2021,07,003,7,M,1
7900,2021,07,004,1,F,14
7900,2021,07,004,1,M,25
7900,2021,07,004,2,F,1
7900,2021,07,004,3,F,1
7900,2021,07,004,3,M,3
7900,2021,07,004,4,F,5
7900,2021,07,004,4,M,9
7900,2021,07,004,5,F,4
7900,2021,07,004,5,M,9
7900,2021,07,004,6,F,3
7900,2021,07,004,6,M,21
7900,2021,07,004,7,M,1
7900,2021,07,005,1,F,7
7900,2021,07,005,1,M,17
7900,2021,07,005,2,F,1
7900,2021,07,005,3,M,1
7900,2021,07,005,4,F,2
7900,2021,07,005,4,M,6
7900,2021,07,005,5,F,4
7900,2021,07,005,5,M,9
7900,2021,07,005,6,M,5
7900,2021,07,006,1,F,12
7900,2021,07,006,1,M,28
7900,2021,07,006,2,F,1
7900,2021,07,006,3,F,1
7900,2021,07,006,3,M,1
7900,2021,07,006,4,F,2
7900,2021,07,006,4,M,3
7900,2021,07,006,5,F,5
7900,2021,07,006,5,M,9
7900,2021,07,006,6,F,1
7900,2021,07,006,6,M,5
7900,2021,07,007,1,F,10
7900,2021,07,007,1,M,14
7900,2021,07,007,3,M,3
7900,2021,07,007,4,F,5
7900,2021,07,007,4,M,4
7900,2021,07,007,5,F,2
7900,2021,07,007,5,M,9
7900,2021,07,007,6,F,1
7900,2021,07,007,6,M,9
7900,2021,07,008,1,F,12
7900,2021,07,008,1,M,30
7900,2021,07,008,2,M,3
7900,2021,07,008,3,F,3
7900,2021,07,008,4,F,4
7900,2021,07,008,4,M,6
7900,2021,07,008,5,F,7
7900,2021,07,008,5,M,33
7900,2021,07,008,6,F,2
7900,2021,07,008,6,M,53
7900,2021,07,008,7,M,1
7900,2021,07,009,1,F,4
7900,2021,07,009,1,M,10
7900,2021,07,009,2,F,2
7900,2021,07,009,2,M,1
7900,2021,07,009,3,F,2
7900,2021,07,009,3,M,3
7900,2021,07,009,4,F,7
7900,2021,07,009,4,M,4
7900,2021,07,009,5,F,11
7900,2021,07,009,5,M,42
7900,2021,07,009,6,F,7
7900,2021,07,009,6,M,70
7900,2021,07,009,7,M,3
7900,2021,07,010,1,F,9
7900,2021,07,010,1,M,15
7900,2021,07,010,2,M,2
7900,2021,07,010,3,F,1
7900,2021,07,010,4,F,5
7900,2021,07,010,4,M,3
7900,2021,07,010,5,F,2
7900,2021,07,010,5,M,9
7900,2021,07,010,6,F,2
7900,2021,07,010,6,M,17
7900,2021,07,011,1,F,37
7900,2021,07,011,1,M,44
7900,2021,07,011,2,M,1
7900,2021,07,011,3,F,3
7900,2021,07,011,3,M,3
7900,2021,07,011,4,F,3
7900,2021,07,011,4,M,6
7900,2021,07,011,5,F,5
7900,2021,07,011,5,M,23
7900,2021,07,011,6,F,1
7900,2021,07,011,6,M,17
7900,2021,07,012,2,F,1
7900,2021,07,012,4,F,3
7900,2021,07,012,4,M,3
7900,2021,07,012,5,F,3
7900,2021,07,012,5,M,12
7900,2021,07,012,6,F,1
7900,2021,07,012,6,M,24
7900,2021,07,013,1,F,3
7900,2021,07,013,1,M,11
7900,2021,07,013,2,F,1
7900,2021,07,013,2,M,3
7900,2021,07,013,3,F,4
7900,2021,07,013,3,M,4
7900,2021,07,013,4,F,7
7900,2021,07,013,4,M,9
7900,2021,07,013,5,F,10
7900,2021,07,013,5,M,41
7900,2021,07,013,6,F,1
7900,2021,07,013,6,M,59
7900,2021,07,013,7,M,3
7900,2021,07,014,1,F,16
7900,2021,07,014,1,M,12
7900,2021,07,014,2,F,1
7900,2021,07,014,3,M,1
7900,2021,07,014,4,F,2
7900,2021,07,014,4,M,2
7900,2021,07,014,5,F,1
7900,2021,07,014,5,M,3
7900,2021,07,014,6,M,4
7900,2021,07,015,1,F,7
7900,2021,07,015,1,M,9
7900,2021,07,015,2,M,1
7900,2021,07,015,3,F,1
7900,2021,07,015,3,M,1
7900,2021,07,015,4,F,3
7900,2021,07,015,4,M,3
7900,2021,07,015,5,F,3
7900,2021,07,015,5,M,11
7900,2021,07,015,6,F,3
7900,2021,07,015,6,M,10
7900,2021,07,015,7,M,2
7900,2021,07,016,1,F,1
7900,2021,07,016,1,M,4
7900,2021,07,016,3,M,1
7900,2021,07,016,4,F,2
7900,2021,07,016,4,M,3
7900,2021,07,016,5,F,3
7900,2021,07,016,5,M,9
7900,2021,07,016,6,M,1
7900,2021,07,017,1,F,1
7900,2021,07,017,2,M,1
7900,2021,07,017,3,F,1
7900,2021,07,017,3,M,1
7900,2021,07,017,4,F,1
7900,2021,07,017,5,F,2
7900,2021,07,017,5,M,3
7900,2021,07,017,6,M,1
7900,2021,07,999,5,M,1
7900,2021,07,999,6,M,1
7900,2021,10,001,2,F,7
7900,2021,10,001,2,M,3
7900,2021,10,001,3,F,12
7900,2021,10,001,3,M,13
7900,2021,10,001,4,F,17
7900,2021,10,001,4,M,22
7900,2021,10,001,5,F,31
7900,2021,10,001,5,M,84
7900,2021,10,001,6,F,12
7900,2021,10,001,6,M,95
7900,2021,10,001,7,M,1
7900,2021,10,002,1,F,3
7900,2021,10,002,2,F,11
7900,2021,10,002,2,M,12
7900,2021,10,002,3,F,10
7900,2021,10,002,3,M,15
7900,2021,10,002,4,F,22
7900,2021,10,002,4,M,24
7900,2021,10,002,5,F,51
7900,2021,10,002,5,M,115
7900,2021,10,002,6,F,4
7900,2021,10,002,6,M,133
7900,2021,10,002,7,F,1
7900,2021,10,002,7,M,1
7900,2021,10,003,2,M,2
7900,2021,10,003,3,F,3
7900,2021,10,003,3,M,5
7900,2021,10,003,4,F,7
7900,2021,10,003,4,M,4
7900,2021,10,003,5,F,5
7900,2021,10,003,5,M,27
7900,2021,10,003,6,F,4
7900,2021,10,003,6,M,33
7900,2021,10,004,1,F,1
7900,2021,10,004,1,M,1
7900,2021,10,004,2,F,1
7900,2021,10,004,2,M,1
7900,2021,10,004,3,F,1
7900,2021,10,004,3,M,3
7900,2021,10,004,4,F,6
7900,2021,10,004,4,M,6
7900,2021,10,004,5,F,5
7900,2021,10,004,5,M,25
7900,2021,10,004,6,M,25
7900,2021,10,005,2,M,1
7900,2021,10,005,3,F,1
7900,2021,10,005,3,M,1
7900,2021,10,005,4,F,4
7900,2021,10,005,4,M,4
7900,2021,10,005,5,F,6
7900,2021,10,005,5,M,10
7900,2021,10,005,6,F,1
7900,2021,10,005,6,M,7
7900,2021,10,006,2,F,1
7900,2021,10,006,2,M,1
7900,2021,10,006,3,F,4
7900,2021,10,006,3,M,1
7900,2021,10,006,4,F,1
7900,2021,10,006,4,M,8
7900,2021,10,006,5,F,3
7900,2021,10,006,5,M,18
7900,2021,10,006,6,F,1
7900,2021,10,006,6,M,14
7900,2021,10,007,2,F,1
7900,2021,10,007,2,M,1
7900,2021,10,007,3,M,2
7900,2021,10,007,4,F,4
7900,2021,10,007,4,M,6
7900,2021,10,007,5,F,6
7900,2021,10,007,5,M,21
7900,2021,10,007,6,F,3
7900,2021,10,007,6,M,34
7900,2021,10,008,2,F,1
7900,2021,10,008,2,M,1
7900,2021,10,008,3,F,1
7900,2021,10,008,3,M,3
7900,2021,10,008,4,F,7
7900,2021,10,008,4,M,4
7900,2021,10,008,5,F,6
7900,2021,10,008,5,M,20
7900,2021,10,008,6,M,16
7900,2021,10,008,7,M,2
7900,2021,10,009,1,M,2
7900,2021,10,009,2,F,1
7900,2021,10,009,2,M,2
7900,2021,10,009,3,F,1
7900,2021,10,009,3,M,3
7900,2021,10,009,4,F,7
7900,2021,10,009,4,M,10
7900,2021,10,009,5,F,18
7900,2021,10,009,5,M,47
7900,2021,10,009,6,F,3
7900,2021,10,009,6,M,73
7900,2021,10,009,7,M,4
7900,2021,10,010,1,F,1
7900,2021,10,010,1,M,1
7900,2021,10,010,2,F,1
7900,2021,10,010,2,M,1
7900,2021,10,010,3,F,1
7900,2021,10,010,3,M,1
7900,2021,10,010,4,F,5
7900,2021,10,010,4,M,5
7900,2021,10,010,5,F,2
7900,2021,10,010,5,M,10
7900,2021,10,010,6,M,21
7900,2021,10,011,2,F,1
7900,2021,10,011,2,M,3
7900,2021,10,011,3,F,3
7900,2021,10,011,3,M,3
7900,2021,10,011,4,F,6
7900,2021,10,011,4,M,12
7900,2021,10,011,5,F,9
7900,2021,10,011,5,M,37
7900,2021,10,011,6,F,2
7900,2021,10,011,6,M,43
7900,2021,10,012,1,M,7
7900,2021,10,012,2,F,2
7900,2021,10,012,3,M,3
7900,2021,10,012,4,F,5
7900,2021,10,012,4,M,7
7900,2021,10,012,5,F,3
7900,2021,10,012,5,M,20
7900,2021,10,012,6,F,2
7900,2021,10,012,6,M,37
7900,2021,10,013,1,F,1
7900,2021,10,013,2,F,5
7900,2021,10,013,2,M,4
7900,2021,10,013,3,F,3
7900,2021,10,013,3,M,5
7900,2021,10,013,4,F,8
7900,2021,10,013,4,M,16
7900,2021,10,013,5,F,8
7900,2021,10,013,5,M,36
7900,2021,10,013,6,F,1
7900,2021,10,013,6,M,66
7900,2021,10,014,2,F,1
7900,2021,10,014,2,M,1
7900,2021,10,014,3,F,3
7900,2021,10,014,4,F,7
7900,2021,10,014,4,M,2
7900,2021,10,014,5,M,4
7900,2021,10,014,6,M,5
7900,2021,10,015,2,F,1
7900,2021,10,015,2,M,1
7900,2021,10,015,3,F,1
7900,2021,10,015,4,M,1
7900,2021,10,015,5,F,4
7900,2021,10,015,5,M,14
7900,2021,10,015,6,F,1
7900,2021,10,015,6,M,1
7900,2021,10,016,3,F,1
7900,2021,10,016,3,M,1
7900,2021,10,016,4,F,2
7900,2021,10,016,4,M,3
7900,2021,10,016,5,F,1
7900,2021,10,016,5,M,5
7900,2021,10,016,6,M,3
7900,2021,10,017,2,F,1
7900,2021,10,017,4,F,1
7900,2021,10,017,5,F,2
7900,2021,10,017,5,M,3
7900,2021,10,017,6,M,7
7900,2021,12,001,1,F,1
7900,2021,12,001,1,M,2
7900,2021,12,001,2,F,8
7900,2021,12,001,2,M,5
7900,2021,12,001,3,F,16
7900,2021,12,001,3,M,10
7900,2021,12,001,4,F,27
7900,2021,12,001,4,M,31
7900,2021,12,001,5,F,26
7900,2021,12,001,5,M,97
7900,2021,12,001,6,F,12
7900,2021,12,001,6,M,89
7900,2021,12,001,7,M,1
7900,2021,12,002,1,F,7
7900,2021,12,002,1,M,3
7900,2021,12,002,2,F,13
7900,2021,12,002,2,M,13
7900,2021,12,002,3,F,14
7900,2021,12,002,3,M,16
7900,2021,12,002,4,F,38
7900,2021,12,002,4,M,47
7900,2021,12,002,5,F,42
7900,2021,12,002,5,M,159
7900,2021,12,002,6,F,13
7900,2021,12,002,6,M,134
7900,2021,12,002,7,F,1
7900,2021,12,002,7,M,4
7900,2021,12,003,1,M,1
7900,2021,12,003,2,F,4
7900,2021,12,003,2,M,7
7900,2021,12,003,3,F,4
7900,2021,12,003,3,M,3
7900,2021,12,003,4,F,7
7900,2021,12,003,4,M,14
7900,2021,12,003,5,F,16
7900,2021,12,003,5,M,37
7900,2021,12,003,6,F,6
7900,2021,12,003,6,M,41
7900,2021,12,003,7,M,1
7900,2021,12,004,1,M,2
7900,2021,12,004,2,M,3
7900,2021,12,004,3,F,2
7900,2021,12,004,3,M,2
7900,2021,12,004,4,F,8
7900,2021,12,004,4,M,7
7900,2021,12,004,5,F,3
7900,2021,12,004,5,M,22
7900,2021,12,004,6,F,1
7900,2021,12,004,6,M,24
7900,2021,12,004,7,M,3
7900,2021,12,005,2,F,3
7900,2021,12,005,2,M,3
7900,2021,12,005,3,F,5
7900,2021,12,005,3,M,2
7900,2021,12,005,4,F,3
7900,2021,12,005,4,M,2
7900,2021,12,005,5,F,6
7900,2021,12,005,5,M,8
7900,2021,12,005,6,M,11
7900,2021,12,005,7,M,1
7900,2021,12,006,2,F,1
7900,2021,12,006,2,M,1
7900,2021,12,006,3,F,4
7900,2021,12,006,3,M,1
7900,2021,12,006,4,F,4
7900,2021,12,006,4,M,7
7900,2021,12,006,5,F,6
7900,2021,12,006,5,M,25
7900,2021,12,006,6,F,1
7900,2021,12,006,6,M,15
7900,2021,12,007,1,F,1
7900,2021,12,007,2,F,1
7900,2021,12,007,2,M,1
7900,2021,12,007,3,F,2
7900,2021,12,007,3,M,5
7900,2021,12,007,4,F,4
7900,2021,12,007,4,M,7
7900,2021,12,007,5,F,7
7900,2021,12,007,5,M,14
7900,2021,12,007,6,F,2
7900,2021,12,007,6,M,20
7900,2021,12,008,1,F,4
7900,2021,12,008,1,M,4
7900,2021,12,008,2,M,1
7900,2021,12,008,3,F,3
7900,2021,12,008,3,M,4
7900,2021,12,008,4,F,5
7900,2021,12,008,4,M,8
7900,2021,12,008,5,F,6
7900,2021,12,008,5,M,28
7900,2021,12,008,6,F,3
7900,2021,12,008,6,M,29
7900,2021,12,008,7,M,4
7900,2021,12,009,1,F,2
7900,2021,12,009,1,M,1
7900,2021,12,009,2,F,2
7900,2021,12,009,2,M,3
7900,2021,12,009,3,F,5
7900,2021,12,009,3,M,6
7900,2021,12,009,4,F,12
7900,2021,12,009,4,M,16
7900,2021,12,009,5,F,21
7900,2021,12,009,5,M,57
7900,2021,12,009,6,F,9
7900,2021,12,009,6,M,48
7900,2021,12,009,7,M,2
7900,2021,12,010,1,F,2
7900,2021,12,010,1,M,4
7900,2021,12,010,2,F,2
7900,2021,12,010,2,M,2
7900,2021,12,010,3,F,2
7900,2021,12,010,3,M,1
7900,2021,12,010,4,F,5
7900,2021,12,010,4,M,7
7900,2021,12,010,5,F,14
7900,2021,12,010,5,M,16
7900,2021,12,010,6,F,1
7900,2021,12,010,6,M,24
7900,2021,12,010,7,M,2
7900,2021,12,011,1,F,1
7900,2021,12,011,2,M,5
7900,2021,12,011,3,F,6
7900,2021,12,011,3,M,6
7900,2021,12,011,4,F,9
7900,2021,12,011,4,M,13
7900,2021,12,011,5,F,9
7900,2021,12,011,5,M,40
7900,2021,12,011,6,F,2
7900,2021,12,011,6,M,32
7900,2021,12,012,1,M,1
7900,2021,12,012,2,F,2
7900,2021,12,012,2,M,1
7900,2021,12,012,3,F,2
7900,2021,12,012,3,M,3
7900,2021,12,012,4,F,8
7900,2021,12,012,5,F,1
7900,2021,12,012,5,M,23
7900,2021,12,012,6,F,4
7900,2021,12,012,6,M,32
7900,2021,12,013,1,M,1
7900,2021,12,013,2,F,2
7900,2021,12,013,2,M,3
7900,2021,12,013,3,F,2
7900,2021,12,013,3,M,9
7900,2021,12,013,4,F,9
7900,2021,12,013,4,M,11
7900,2021,12,013,5,F,23
7900,2021,12,013,5,M,48
7900,2021,12,013,6,F,3
7900,2021,12,013,6,M,89
7900,2021,12,013,7,M,5
7900,2021,12,014,2,M,1
7900,2021,12,014,3,F,1
7900,2021,12,014,3,M,3
7900,2021,12,014,4,M,2
7900,2021,12,014,5,F,1
7900,2021,12,014,5,M,8
7900,2021,12,014,6,F,1
7900,2021,12,014,6,M,10
7900,2021,12,015,1,F,1
7900,2021,12,015,2,F,2
7900,2021,12,015,2,M,2
7900,2021,12,015,3,F,2
7900,2021,12,015,3,M,1
7900,2021,12,015,4,F,3
7900,2021,12,015,4,M,8
7900,2021,12,015,5,F,9
7900,2021,12,015,5,M,23
7900,2021,12,015,6,F,3
7900,2021,12,015,6,M,18
7900,2021,12,015,7,M,1
7900,2021,12,016,2,F,2
7900,2021,12,016,2,M,1
7900,2021,12,016,3,F,4
7900,2021,12,016,4,F,4
7900,2021,12,016,4,M,4
7900,2021,12,016,5,F,3
7900,2021,12,016,5,M,4
7900,2021,12,016,6,M,3
7900,2021,12,017,3,F,1
7900,2021,12,017,4,F,2
7900,2021,12,017,4,M,1
7900,2021,12,017,5,F,3
7900,2021,12,017,6,M,4
7900,2021,12,999,2,F,1
7900,2021,12,999,6,M,2
7900,2022,04,001,1,F,1
7900,2022,04,001,2,F,5
7900,2022,04,001,2,M,10
7900,2022,04,001,3,F,10
7900,2022,04,001,3,M,16
7900,2022,04,001,4,F,13
7900,2022,04,001,4,M,20
7900,2022,04,001,5,F,26
7900,2022,04,001,5,M,81
7900,2022,04,001,6,F,10
7900,2022,04,001,6,M,112
7900,2022,04,001,7,M,5
7900,2022,04,002,1,M,1
7900,2022,04,002,2,F,13
7900,2022,04,002,2,M,15
7900,2022,04,002,3,F,15
7900,2022,04,002,3,M,12
7900,2022,04,002,4,F,32
7900,2022,04,002,4,M,39
7900,2022,04,002,5,F,51
7900,2022,04,002,5,M,138
7900,2022,04,002,6,F,18
7900,2022,04,002,6,M,139
7900,2022,04,002,7,M,12
7900,2022,04,003,2,F,3
7900,2022,04,003,2,M,4
7900,2022,04,003,3,M,6
7900,2022,04,003,4,F,9
7900,2022,04,003,4,M,5
7900,2022,04,003,5,F,14
7900,2022,04,003,5,M,34
7900,2022,04,003,6,F,7
7900,2022,04,003,6,M,46
7900,2022,04,003,7,M,1
7900,2022,04,004,2,F,2
7900,2022,04,004,2,M,3
7900,2022,04,004,3,F,3
7900,2022,04,004,3,M,3
7900,2022,04,004,4,F,4
7900,2022,04,004,4,M,12
7900,2022,04,004,5,F,7
7900,2022,04,004,5,M,22
7900,2022,04,004,6,F,2
7900,2022,04,004,6,M,25
7900,2022,04,004,7,M,2
7900,2022,04,005,3,F,1
7900,2022,04,005,3,M,1
7900,2022,04,005,4,F,3
7900,2022,04,005,4,M,9
7900,2022,04,005,5,F,2
7900,2022,04,005,5,M,18
7900,2022,04,005,6,M,13
7900,2022,04,006,2,F,1
7900,2022,04,006,2,M,1
7900,2022,04,006,3,M,2
7900,2022,04,006,4,F,1
7900,2022,04,006,4,M,1
7900,2022,04,006,5,F,6
7900,2022,04,006,5,M,13
7900,2022,04,006,6,M,14
7900,2022,04,007,1,M,1
7900,2022,04,007,2,F,2
7900,2022,04,007,3,F,1
7900,2022,04,007,3,M,3
7900,2022,04,007,4,F,1
7900,2022,04,007,4,M,4
7900,2022,04,007,5,F,1
7900,2022,04,007,5,M,17
7900,2022,04,007,6,F,1
7900,2022,04,007,6,M,16
7900,2022,04,008,2,F,1
7900,2022,04,008,2,M,2
7900,2022,04,008,3,F,2
7900,2022,04,008,3,M,3
7900,2022,04,008,4,F,6
7900,2022,04,008,4,M,6
7900,2022,04,008,5,F,10
7900,2022,04,008,5,M,21
7900,2022,04,008,6,M,23
7900,2022,04,008,7,M,3
7900,2022,04,009,1,F,1
7900,2022,04,009,2,F,3
7900,2022,04,009,2,M,3
7900,2022,04,009,3,F,1
7900,2022,04,009,3,M,4
7900,2022,04,009,4,F,9
7900,2022,04,009,4,M,8
7900,2022,04,009,5,F,22
7900,2022,04,009,5,M,49
7900,2022,04,009,6,F,7
7900,2022,04,009,6,M,81
7900,2022,04,009,7,M,3
7900,2022,04,010,2,F,2
7900,2022,04,010,2,M,6
7900,2022,04,010,3,F,2
7900,2022,04,010,3,M,2
7900,2022,04,010,4,F,6
7900,2022,04,010,4,M,3
7900,2022,04,010,5,F,13
7900,2022,04,010,5,M,14
7900,2022,04,010,6,F,1
7900,2022,04,010,6,M,11
7900,2022,04,011,2,F,1
7900,2022,04,011,2,M,1
7900,2022,04,011,3,F,1
7900,2022,04,011,3,M,2
7900,2022,04,011,4,F,4
7900,2022,04,011,4,M,7
7900,2022,04,011,5,F,12
7900,2022,04,011,5,M,33
7900,2022,04,011,6,F,2
7900,2022,04,011,6,M,38
7900,2022,04,011,7,M,2
7900,2022,04,012,2,F,1
7900,2022,04,012,3,F,2
7900,2022,04,012,4,F,3
7900,2022,04,012,4,M,4
7900,2022,04,012,5,F,8
7900,2022,04,012,5,M,15
7900,2022,04,012,6,F,1
7900,2022,04,012,6,M,31
7900,2022,04,012,7,F,1
7900,2022,04,012,7,M,1
7900,2022,04,013,2,F,4
7900,2022,04,013,2,M,4
7900,2022,04,013,3,F,1
7900,2022,04,013,3,M,3
7900,2022,04,013,4,F,6
7900,2022,04,013,4,M,9
7900,2022,04,013,5,F,14
7900,2022,04,013,5,M,32
7900,2022,04,013,6,F,5
7900,2022,04,013,6,M,63
7900,2022,04,013,7,M,2
7900,2022,04,014,1,M,1
7900,2022,04,014,2,M,2
7900,2022,04,014,3,F,2
7900,2022,04,014,4,F,3
7900,2022,04,014,4,M,5
7900,2022,04,014,5,F,7
7900,2022,04,014,5,M,11
7900,2022,04,014,6,M,4
7900,2022,04,015,2,F,1
7900,2022,04,015,2,M,1
7900,2022,04,015,3,F,1
7900,2022,04,015,4,F,1
7900,2022,04,015,4,M,4
7900,2022,04,015,5,F,4
7900,2022,04,015,5,M,8
7900,2022,04,015,6,M,15
7900,2022,04,016,2,M,1
7900,2022,04,016,3,M,1
7900,2022,04,016,4,M,2
7900,2022,04,016,5,F,2
7900,2022,04,016,5,M,8
7900,2022,04,016,6,F,1
7900,2022,04,016,6,M,5
7900,2022,04,017,2,F,1
7900,2022,04,017,3,F,1
7900,2022,04,017,3,M,1
7900,2022,04,017,4,M,3
7900,2022,04,017,5,F,1
7900,2022,04,017,5,M,7
7900,2022,04,017,6,M,5
7900,2022,07,001,1,F,3
7900,2022,07,001,1,M,1
7900,2022,07,001,2,F,8
7900,2022,07,001,2,M,4
7900,2022,07,001,3,F,4
7900,2022,07,001,3,M,7
7900,2022,07,001,4,F,11
7900,2022,07,001,4,M,14
7900,2022,07,001,5,F,20
7900,2022,07,001,5,M,73
7900,2022,07,001,6,F,11
7900,2022,07,001,6,M,54
7900,2022,07,001,7,M,2
7900,2022,07,002,1,F,38
7900,2022,07,002,1,M,54
7900,2022,07,002,2,F,7
7900,2022,07,002,2,M,4
7900,2022,07,002,3,F,9
7900,2022,07,002,3,M,8
7900,2022,07,002,4,F,30
7900,2022,07,002,4,M,32
7900,2022,07,002,5,F,45
7900,2022,07,002,5,M,122
7900,2022,07,002,6,F,4
7900,2022,07,002,6,M,113
7900,2022,07,002,7,F,1
7900,2022,07,002,7,M,2
7900,2022,07,003,1,F,1
7900,2022,07,003,2,M,1
7900,2022,07,003,3,F,2
7900,2022,07,003,3,M,1
7900,2022,07,003,4,F,3
7900,2022,07,003,4,M,3
7900,2022,07,003,5,F,11
7900,2022,07,003,5,M,23
7900,2022,07,003,6,F,5
7900,2022,07,003,6,M,34
7900,2022,07,003,7,M,1
7900,2022,07,004,1,F,12
7900,2022,07,004,1,M,21
7900,2022,07,004,3,F,1
7900,2022,07,004,4,F,3
7900,2022,07,004,4,M,12
7900,2022,07,004,5,F,7
7900,2022,07,004,5,M,23
7900,2022,07,004,6,F,1
7900,2022,07,004,6,M,19
7900,2022,07,005,1,F,13
7900,2022,07,005,1,M,12
7900,2022,07,005,2,M,2
7900,2022,07,005,3,M,1
7900,2022,07,005,4,F,1
7900,2022,07,005,4,M,3
7900,2022,07,005,5,F,3
7900,2022,07,005,5,M,7
7900,2022,07,005,6,F,2
7900,2022,07,005,6,M,7
7900,2022,07,005,7,F,1
7900,2022,07,006,1,F,16
7900,2022,07,006,1,M,18
7900,2022,07,006,2,F,1
7900,2022,07,006,3,M,6
7900,2022,07,006,4,F,5
7900,2022,07,006,4,M,3
7900,2022,07,006,5,F,6
7900,2022,07,006,5,M,18
7900,2022,07,006,6,F,2
7900,2022,07,006,6,M,12
7900,2022,07,007,1,F,11
7900,2022,07,007,1,M,13
7900,2022,07,007,2,M,1
7900,2022,07,007,4,F,5
7900,2022,07,007,4,M,2
7900,2022,07,007,5,F,1
7900,2022,07,007,5,M,13
7900,2022,07,007,6,F,1
7900,2022,07,007,6,M,22
7900,2022,07,008,1,F,19
7900,2022,07,008,1,M,46
7900,2022,07,008,2,F,1
7900,2022,07,008,2,M,1
7900,2022,07,008,3,F,1
7900,2022,07,008,4,F,9
7900,2022,07,008,4,M,4
7900,2022,07,008,5,F,6
7900,2022,07,008,5,M,17
7900,2022,07,008,6,F,1
7900,2022,07,008,6,M,12
7900,2022,07,009,1,M,7
7900,2022,07,009,2,F,1
7900,2022,07,009,2,M,2
7900,2022,07,009,3,F,5
7900,2022,07,009,3,M,2
7900,2022,07,009,4,F,9
7900,2022,07,009,4,M,9
7900,2022,07,009,5,F,14
7900,2022,07,009,5,M,42
7900,2022,07,009,6,F,4
7900,2022,07,009,6,M,52
7900,2022,07,010,1,F,12
7900,2022,07,010,1,M,9
7900,2022,07,010,2,F,1
7900,2022,07,010,3,F,2
7900,2022,07,010,3,M,2
7900,2022,07,010,4,F,7
7900,2022,07,010,4,M,2
7900,2022,07,010,5,F,8
7900,2022,07,010,5,M,14
7900,2022,07,010,6,F,1
7900,2022,07,010,6,M,24
7900,2022,07,011,1,F,36
7900,2022,07,011,1,M,50
7900,2022,07,011,2,M,1
7900,2022,07,011,3,F,2
7900,2022,07,011,3,M,5
7900,2022,07,011,4,F,5
7900,2022,07,011,4,M,8
7900,2022,07,011,5,F,12
7900,2022,07,011,5,M,20
7900,2022,07,011,6,F,3
7900,2022,07,011,6,M,14
7900,2022,07,011,7,M,1
7900,2022,07,012,2,F,1
7900,2022,07,012,3,F,1
7900,2022,07,012,3,M,1
7900,2022,07,012,4,F,3
7900,2022,07,012,4,M,2
7900,2022,07,012,5,F,9
7900,2022,07,012,5,M,14
7900,2022,07,012,6,F,1
7900,2022,07,012,6,M,23
7900,2022,07,013,1,F,2
7900,2022,07,013,1,M,5
7900,2022,07,013,2,F,3
7900,2022,07,013,2,M,2
7900,2022,07,013,3,F,1
7900,2022,07,013,3,M,3
7900,2022,07,013,4,F,9
7900,2022,07,013,4,M,8
7900,2022,07,013,5,F,7
7900,2022,07,013,5,M,22
7900,2022,07,013,6,F,3
7900,2022,07,013,6,M,63
7900,2022,07,013,7,M,1
7900,2022,07,014,1,F,8
7900,2022,07,014,1,M,17
7900,2022,07,014,2,M,1
7900,2022,07,014,3,M,2
7900,2022,07,014,4,F,5
7900,2022,07,014,4,M,3
7900,2022,07,014,5,F,1
7900,2022,07,014,5,M,5
7900,2022,07,014,6,M,3
7900,2022,07,015,1,F,5
7900,2022,07,015,1,M,15
7900,2022,07,015,2,M,1
7900,2022,07,015,3,M,1
7900,2022,07,015,4,F,3
7900,2022,07,015,4,M,1
7900,2022,07,015,5,F,8
7900,2022,07,015,5,M,12
7900,2022,07,015,6,M,9
7900,2022,07,016,1,M,8
7900,2022,07,016,2,F,1
7900,2022,07,016,2,M,1
7900,2022,07,016,3,F,2
7900,2022,07,016,3,M,1
7900,2022,07,016,4,F,2
7900,2022,07,016,4,M,3
7900,2022,07,016,5,F,1
7900,2022,07,016,5,M,3
7900,2022,07,016,6,M,3
7900,2022,07,017,1,M,1
7900,2022,07,017,3,F,1
7900,2022,07,017,4,F,1
7900,2022,07,017,5,F,2
7900,2022,07,017,5,M,4
7900,2022,07,017,6,M,4
7900,2022,09,001,1,F,1
7900,2022,09,001,2,F,8
7900,2022,09,001,2,M,5
7900,2022,09,001,3,F,7
7900,2022,09,001,3,M,4
7900,2022,09,001,4,F,14
7900,2022,09,001,4,M,19
7900,2022,09,001,5,F,24
7900,2022,09,001,5,M,83
7900,2022,09,001,6,F,6
7900,2022,09,001,6,M,85
7900,2022,09,001,7,M,4
7900,2022,09,002,1,F,2
7900,2022,09,002,2,F,10
7900,2022,09,002,2,M,8
7900,2022,09,002,3,F,14
7900,2022,09,002,3,M,11
7900,2022,09,002,4,F,32
7900,2022,09,002,4,M,29
7900,2022,09,002,5,F,40
7900,2022,09,002,5,M,112
7900,2022,09,002,6,F,11
7900,2022,09,002,6,M,137
7900,2022,09,002,7,M,8
7900,2022,09,003,1,F,1
7900,2022,09,003,2,F,1
7900,2022,09,003,3,F,2
7900,2022,09,003,3,M,1
7900,2022,09,003,4,F,6
7900,2022,09,003,4,M,4
7900,2022,09,003,5,F,18
7900,2022,09,003,5,M,23
7900,2022,09,003,6,F,3
7900,2022,09,003,6,M,28
7900,2022,09,003,7,M,1
7900,2022,09,004,3,F,2
7900,2022,09,004,3,M,5
7900,2022,09,004,4,F,2
7900,2022,09,004,4,M,4
7900,2022,09,004,5,F,4
7900,2022,09,004,5,M,15
7900,2022,09,004,6,M,12
7900,2022,09,004,7,M,2
7900,2022,09,005,2,F,1
7900,2022,09,005,2,M,1
7900,2022,09,005,3,F,2
7900,2022,09,005,3,M,1
7900,2022,09,005,4,F,4
7900,2022,09,005,4,M,3
7900,2022,09,005,5,F,5
7900,2022,09,005,5,M,9
7900,2022,09,005,6,F,1
7900,2022,09,005,6,M,11
7900,2022,09,006,2,F,2
7900,2022,09,006,2,M,1
7900,2022,09,006,3,F,2
7900,2022,09,006,3,M,2
7900,2022,09,006,4,F,3
7900,2022,09,006,4,M,6
7900,2022,09,006,5,F,3
7900,2022,09,006,5,M,8
7900,2022,09,006,6,M,15
7900,2022,09,007,3,F,1
7900,2022,09,007,3,M,3
7900,2022,09,007,4,F,7
7900,2022,09,007,4,M,4
7900,2022,09,007,5,F,6
7900,2022,09,007,5,M,15
7900,2022,09,007,6,F,1
7900,2022,09,007,6,M,20
7900,2022,09,008,1,M,2
7900,2022,09,008,2,M,1
7900,2022,09,008,3,F,5
7900,2022,09,008,3,M,1
7900,2022,09,008,4,F,6
7900,2022,09,008,4,M,2
7900,2022,09,008,5,F,8
7900,2022,09,008,5,M,27
7900,2022,09,008,6,F,3
7900,2022,09,008,6,M,25
7900,2022,09,008,7,M,2
7900,2022,09,009,1,F,1
7900,2022,09,009,1,M,1
7900,2022,09,009,2,F,1
7900,2022,09,009,2,M,2
7900,2022,09,009,3,F,1
7900,2022,09,009,3,M,2
7900,2022,09,009,4,F,9
7900,2022,09,009,4,M,8
7900,2022,09,009,5,F,19
7900,2022,09,009,5,M,28
7900,2022,09,009,6,F,12
7900,2022,09,009,6,M,49
7900,2022,09,009,7,M,2
7900,2022,09,010,2,F,1
7900,2022,09,010,2,M,2
7900,2022,09,010,3,F,5
7900,2022,09,010,3,M,4
7900,2022,09,010,4,F,5
7900,2022,09,010,4,M,5
7900,2022,09,010,5,F,9
7900,2022,09,010,5,M,11
7900,2022,09,010,6,F,3
7900,2022,09,010,6,M,27
7900,2022,09,010,7,M,1
7900,2022,09,011,1,M,2
7900,2022,09,011,2,F,2
7900,2022,09,011,2,M,3
7900,2022,09,011,3,F,4
7900,2022,09,011,3,M,2
7900,2022,09,011,4,F,6
7900,2022,09,011,4,M,4
7900,2022,09,011,5,F,14
7900,2022,09,011,5,M,31
7900,2022,09,011,6,F,1
7900,2022,09,011,6,M,40
7900,2022,09,012,3,F,3
7900,2022,09,012,3,M,1
7900,2022,09,012,4,F,5
7900,2022,09,012,4,M,3
7900,2022,09,012,5,F,12
7900,2022,09,012,5,M,12
7900,2022,09,012,6,F,1
7900,2022,09,012,6,M,39
7900,2022,09,013,2,F,1
7900,2022,09,013,2,M,1
7900,2022,09,013,3,F,4
7900,2022,09,013,3,M,3
7900,2022,09,013,4,F,6
7900,2022,09,013,4,M,7
7900,2022,09,013,5,F,11
7900,2022,09,013,5,M,38
7900,2022,09,013,6,F,6
7900,2022,09,013,6,M,62
7900,2022,09,013,7,M,5
7900,2022,09,014,1,F,1
7900,2022,09,014,1,M,1
7900,2022,09,014,2,M,1
7900,2022,09,014,4,F,4
7900,2022,09,014,5,F,11
7900,2022,09,014,5,M,8
7900,2022,09,014,6,F,1
7900,2022,09,014,6,M,4
7900,2022,09,015,1,F,1
7900,2022,09,015,2,F,1
7900,2022,09,015,3,F,2
7900,2022,09,015,4,F,7
7900,2022,09,015,4,M,3
7900,2022,09,015,5,F,9
7900,2022,09,015,5,M,16
7900,2022,09,015,6,F,1
7900,2022,09,015,6,M,19
7900,2022,09,016,3,F,1
7900,2022,09,016,4,F,4
7900,2022,09,016,4,M,3
7900,2022,09,016,5,F,2
7900,2022,09,016,5,M,7
7900,2022,09,016,6,M,5
7900,2022,09,017,2,F,2
7900,2022,09,017,4,F,2
7900,2022,09,017,4,M,5
7900,2022,09,017,5,F,1
7900,2022,09,017,5,M,9
7900,2022,09,017,6,M,2
7900,2022,09,017,7,M,1
7900,2022,09,999,6,M,1
7900,2022,12,001,1,M,1
7900,2022,12,001,2,F,4
7900,2022,12,001,2,M,5
7900,2022,12,001,3,F,4
7900,2022,12,001,3,M,12
7900,2022,12,001,4,F,11
7900,2022,12,001,4,M,19
7900,2022,12,001,5,F,20
7900,2022,12,001,5,M,75
7900,2022,12,001,6,F,9
7900,2022,12,001,6,M,72
7900,2022,12,001,7,M,3
7900,2022,12,002,1,M,2
7900,2022,12,002,2,F,14
7900,2022,12,002,2,M,9
7900,2022,12,002,3,F,19
7900,2022,12,002,3,M,13
7900,2022,12,002,4,F,34
7900,2022,12,002,4,M,35
7900,2022,12,002,5,F,52
7900,2022,12,002,5,M,172
7900,2022,12,002,6,F,20
7900,2022,12,002,6,M,147
7900,2022,12,002,7,M,6
7900,2022,12,003,2,F,1
7900,2022,12,003,2,M,1
7900,2022,12,003,3,F,7
7900,2022,12,003,4,F,2
7900,2022,12,003,4,M,6
7900,2022,12,003,5,F,14
7900,2022,12,003,5,M,27
7900,2022,12,003,6,F,4
7900,2022,12,003,6,M,37
7900,2022,12,004,1,F,1
7900,2022,12,004,1,M,1
7900,2022,12,004,2,F,1
7900,2022,12,004,3,M,7
7900,2022,12,004,4,F,4
7900,2022,12,004,4,M,9
7900,2022,12,004,5,F,10
7900,2022,12,004,5,M,31
7900,2022,12,004,6,F,3
7900,2022,12,004,6,M,19
7900,2022,12,005,2,F,1
7900,2022,12,005,2,M,1
7900,2022,12,005,3,F,1
7900,2022,12,005,4,F,3
7900,2022,12,005,4,M,6
7900,2022,12,005,5,F,11
7900,2022,12,005,5,M,12
7900,2022,12,005,6,F,5
7900,2022,12,005,6,M,16
7900,2022,12,006,1,M,2
7900,2022,12,006,2,F,1
7900,2022,12,006,2,M,3
7900,2022,12,006,3,F,2
7900,2022,12,006,4,F,2
7900,2022,12,006,4,M,6
7900,2022,12,006,5,F,10
7900,2022,12,006,5,M,18
7900,2022,12,006,6,F,2
7900,2022,12,006,6,M,16
7900,2022,12,007,1,M,1
7900,2022,12,007,2,F,1
7900,2022,12,007,2,M,2
7900,2022,12,007,3,F,1
7900,2022,12,007,3,M,2
7900,2022,12,007,4,F,5
7900,2022,12,007,4,M,11
7900,2022,12,007,5,F,6
7900,2022,12,007,5,M,16
7900,2022,12,007,6,F,1
7900,2022,12,007,6,M,24
7900,2022,12,008,1,F,1
7900,2022,12,008,1,M,4
7900,2022,12,008,2,M,1
7900,2022,12,008,3,F,5
7900,2022,12,008,3,M,4
7900,2022,12,008,4,F,8
7900,2022,12,008,4,M,7
7900,2022,12,008,5,F,9
7900,2022,12,008,5,M,23
7900,2022,12,008,6,F,2
7900,2022,12,008,6,M,33
7900,2022,12,008,7,F,1
7900,2022,12,008,7,M,1
7900,2022,12,009,1,M,1
7900,2022,12,009,2,F,1
7900,2022,12,009,2,M,3
7900,2022,12,009,3,F,4
7900,2022,12,009,3,M,5
7900,2022,12,009,4,F,9
7900,2022,12,009,4,M,6
7900,2022,12,009,5,F,20
7900,2022,12,009,5,M,43
7900,2022,12,009,6,F,15
7900,2022,12,009,6,M,53
7900,2022,12,009,7,M,3
7900,2022,12,010,1,M,2
7900,2022,12,010,2,F,2
7900,2022,12,010,3,F,3
7900,2022,12,010,3,M,1
7900,2022,12,010,4,F,4
7900,2022,12,010,4,M,3
7900,2022,12,010,5,F,16
7900,2022,12,010,5,M,15
7900,2022,12,010,6,F,3
7900,2022,12,010,6,M,29
7900,2022,12,011,2,F,5
7900,2022,12,011,2,M,3
7900,2022,12,011,3,F,5
7900,2022,12,011,3,M,7
7900,2022,12,011,4,F,6
7900,2022,12,011,4,M,15
7900,2022,12,011,5,F,14
7900,2022,12,011,5,M,56
7900,2022,12,011,6,F,3
7900,2022,12,011,6,M,46
7900,2022,12,012,3,F,2
7900,2022,12,012,3,M,3
7900,2022,12,012,4,F,7
7900,2022,12,012,4,M,8
7900,2022,12,012,5,F,17
7900,2022,12,012,5,M,21
7900,2022,12,012,6,F,1
7900,2022,12,012,6,M,35
7900,2022,12,012,7,M,1
7900,2022,12,013,2,F,1
7900,2022,12,013,2,M,2
7900,2022,12,013,3,F,3
7900,2022,12,013,3,M,3
7900,2022,12,013,4,F,10
7900,2022,12,013,4,M,8
7900,2022,12,013,5,F,12
7900,2022,12,013,5,M,40
7900,2022,12,013,6,F,4
7900,2022,12,013,6,M,41
7900,2022,12,013,7,M,7
7900,2022,12,014,2,F,3
7900,2022,12,014,2,M,1
7900,2022,12,014,4,F,3
7900,2022,12,014,4,M,6
7900,2022,12,014,5,F,3
7900,2022,12,014,5,M,12
7900,2022,12,014,6,M,4
7900,2022,12,015,2,F,3
7900,2022,12,015,2,M,2
7900,2022,12,015,3,F,1
7900,2022,12,015,4,F,2
7900,2022,12,015,4,M,2
7900,2022,12,015,5,F,9
7900,2022,12,015,5,M,15
7900,2022,12,015,6,F,2
7900,2022,12,015,6,M,13
7900,2022,12,016,1,M,1
7900,2022,12,016,3,F,1
7900,2022,12,016,3,M,1
7900,2022,12,016,4,F,3
7900,2022,12,016,4,M,5
7900,2022,12,016,5,F,2
7900,2022,12,016,5,M,5
7900,2022,12,016,6,M,4
7900,2022,12,017,2,M,1
7900,2022,12,017,3,F,1
7900,2022,12,017,3,M,1
7900,2022,12,017,4,F,3
7900,2022,12,017,4,M,1
7900,2022,12,017,5,F,4
7900,2022,12,017,5,M,9
7900,2022,12,017,6,M,6
7900,2023,04,001,2,F,3
7900,2023,04,001,2,M,4
7900,2023,04,001,3,F,15
7900,2023,04,001,3,M,7
7900,2023,04,001,4,F,12
7900,2023,04,001,4,M,19
7900,2023,04,001,5,F,33
7900,2023,04,001,5,M,91
7900,2023,04,001,6,F,17
7900,2023,04,001,6,M,93
7900,2023,04,001,7,F,2
7900,2023,04,001,7,M,4
7900,2023,04,001,8,M,1
7900,2023,04,002,1,F,1
7900,2023,04,002,1,M,2
7900,2023,04,002,2,F,10
7900,2023,04,002,2,M,17
7900,2023,04,002,3,F,13
7900,2023,04,002,3,M,15
7900,2023,04,002,4,F,30
7900,2023,04,002,4,M,34
7900,2023,04,002,5,F,63
7900,2023,04,002,5,M,133
7900,2023,04,002,6,F,24
7900,2023,04,002,6,M,181
7900,2023,04,002,7,M,9
7900,2023,04,003,2,F,4
7900,2023,04,003,2,M,2
7900,2023,04,003,3,F,2
7900,2023,04,003,3,M,1
7900,2023,04,003,4,F,7
7900,2023,04,003,4,M,9
7900,2023,04,003,5,F,22
7900,2023,04,003,5,M,28
7900,2023,04,003,6,F,3
7900,2023,04,003,6,M,53
7900,2023,04,003,7,M,4
7900,2023,04,004,2,F,2
7900,2023,04,004,2,M,1
7900,2023,04,004,3,F,3
7900,2023,04,004,3,M,3
7900,2023,04,004,4,F,4
7900,2023,04,004,4,M,5
7900,2023,04,004,5,F,10
7900,2023,04,004,5,M,17
7900,2023,04,004,6,F,1
7900,2023,04,004,6,M,32
7900,2023,04,004,7,F,1
7900,2023,04,004,7,M,4
7900,2023,04,005,2,M,1
7900,2023,04,005,3,F,2
7900,2023,04,005,3,M,5
7900,2023,04,005,4,F,4
7900,2023,04,005,4,M,6
7900,2023,04,005,5,F,6
7900,2023,04,005,5,M,18
7900,2023,04,005,6,F,3
7900,2023,04,005,6,M,13
7900,2023,04,006,2,F,2
7900,2023,04,006,2,M,2
7900,2023,04,006,3,F,3
7900,2023,04,006,3,M,3
7900,2023,04,006,4,F,4
7900,2023,04,006,4,M,4
7900,2023,04,006,5,F,3
7900,2023,04,006,5,M,10
7900,2023,04,006,6,F,1
7900,2023,04,006,6,M,21
7900,2023,04,007,1,F,1
7900,2023,04,007,2,M,2
7900,2023,04,007,3,F,6
7900,2023,04,007,4,F,7
7900,2023,04,007,4,M,3
7900,2023,04,007,5,F,3
7900,2023,04,007,5,M,19
7900,2023,04,007,6,F,1
7900,2023,04,007,6,M,30
7900,2023,04,008,1,F,3
7900,2023,04,008,1,M,2
7900,2023,04,008,2,M,2
7900,2023,04,008,3,F,1
7900,2023,04,008,3,M,4
7900,2023,04,008,4,F,3
7900,2023,04,008,4,M,2
7900,2023,04,008,5,F,13
7900,2023,04,008,5,M,28
7900,2023,04,008,6,F,5
7900,2023,04,008,6,M,44
7900,2023,04,008,7,M,4
7900,2023,04,009,1,F,1
7900,2023,04,009,1,M,1
7900,2023,04,009,2,F,2
7900,2023,04,009,2,M,2
7900,2023,04,009,3,F,5
7900,2023,04,009,3,M,3
7900,2023,04,009,4,F,8
7900,2023,04,009,4,M,6
7900,2023,04,009,5,F,28
7900,2023,04,009,5,M,32
7900,2023,04,009,6,F,9
7900,2023,04,009,6,M,66
7900,2023,04,009,7,M,3
7900,2023,04,010,2,M,1
7900,2023,04,010,3,F,5
7900,2023,04,010,3,M,1
7900,2023,04,010,4,F,10
7900,2023,04,010,4,M,9
7900,2023,04,010,5,F,20
7900,2023,04,010,5,M,23
7900,2023,04,010,6,F,12
7900,2023,04,010,6,M,25
7900,2023,04,010,7,M,1
7900,2023,04,011,2,F,5
7900,2023,04,011,3,F,4
7900,2023,04,011,3,M,4
7900,2023,04,011,4,F,8
7900,2023,04,011,4,M,8
7900,2023,04,011,5,F,12
7900,2023,04,011,5,M,31
7900,2023,04,011,6,F,3
7900,2023,04,011,6,M,37
7900,2023,04,011,7,M,1
7900,2023,04,012,3,M,2
7900,2023,04,012,4,F,1
7900,2023,04,012,4,M,3
7900,2023,04,012,5,F,8
7900,2023,04,012,5,M,13
7900,2023,04,012,6,F,4
7900,2023,04,012,6,M,31
7900,2023,04,012,7,M,1
7900,2023,04,013,2,F,2
7900,2023,04,013,2,M,5
7900,2023,04,013,3,F,4
7900,2023,04,013,3,M,5
7900,2023,04,013,4,F,6
7900,2023,04,013,4,M,11
7900,2023,04,013,5,F,14
7900,2023,04,013,5,M,43
7900,2023,04,013,6,F,12
7900,2023,04,013,6,M,63
7900,2023,04,013,7,M,8
7900,2023,04,014,2,F,2
7900,2023,04,014,2,M,2
7900,2023,04,014,3,F,2
7900,2023,04,014,3,M,2
7900,2023,04,014,4,F,3
7900,2023,04,014,4,M,2
7900,2023,04,014,5,F,1
7900,2023,04,014,5,M,12
7900,2023,04,014,6,F,2
7900,2023,04,014,6,M,7
7900,2023,04,014,7,M,1
7900,2023,04,015,1,F,1
7900,2023,04,015,1,M,2
7900,2023,04,015,2,M,1
7900,2023,04,015,3,F,5
7900,2023,04,015,4,F,2
7900,2023,04,015,4,M,2
7900,2023,04,015,5,F,4
7900,2023,04,015,5,M,13
7900,2023,04,015,6,F,1
7900,2023,04,015,6,M,8
7900,2023,04,016,2,F,1
7900,2023,04,016,2,M,1
7900,2023,04,016,3,F,1
7900,2023,04,016,3,M,2
7900,2023,04,016,4,F,2
7900,2023,04,016,4,M,2
7900,2023,04,016,5,M,2
7900,2023,04,016,6,F,1
7900,2023,04,016,6,M,3
7900,2023,04,016,7,M,1
7900,2023,04,017,3,M,1
7900,2023,04,017,4,F,2
7900,2023,04,017,4,M,4
7900,2023,04,017,5,F,4
7900,2023,04,017,5,M,5
7900,2023,04,017,6,M,11
7900,2023,04,999,6,F,1
7900,2023,07,001,1,F,2
7900,2023,07,001,1,M,3
7900,2023,07,001,2,F,6
7900,2023,07,001,2,M,11
7900,2023,07,001,3,F,12
7900,2023,07,001,3,M,9
7900,2023,07,001,4,F,9
7900,2023,07,001,4,M,13
7900,2023,07,001,5,F,26
7900,2023,07,001,5,M,63
7900,2023,07,001,6,F,13
7900,2023,07,001,6,M,71
7900,2023,07,001,7,M,1
7900,2023,07,002,1,F,36
7900,2023,07,002,1,M,55
7900,2023,07,002,2,F,6
7900,2023,07,002,2,M,11
7900,2023,07,002,3,F,12
7900,2023,07,002,3,M,18
7900,2023,07,002,4,F,29
7900,2023,07,002,4,M,24
7900,2023,07,002,5,F,51
7900,2023,07,002,5,M,103
7900,2023,07,002,6,F,15
7900,2023,07,002,6,M,112
7900,2023,07,002,7,M,3
7900,2023,07,003,1,M,2
7900,2023,07,003,2,M,1
7900,2023,07,003,3,F,2
7900,2023,07,003,3,M,8
7900,2023,07,003,4,F,5
7900,2023,07,003,4,M,5
7900,2023,07,003,5,F,13
7900,2023,07,003,5,M,22
7900,2023,07,003,6,F,5
7900,2023,07,003,6,M,36
7900,2023,07,003,7,M,3
7900,2023,07,004,1,F,7
7900,2023,07,004,1,M,14
7900,2023,07,004,2,F,1
7900,2023,07,004,2,M,2
7900,2023,07,004,3,F,3
7900,2023,07,004,3,M,2
7900,2023,07,004,4,F,14
7900,2023,07,004,4,M,6
7900,2023,07,004,5,F,17
7900,2023,07,004,5,M,43
7900,2023,07,004,6,F,8
7900,2023,07,004,6,M,26
7900,2023,07,004,7,M,4
7900,2023,07,005,1,F,5
7900,2023,07,005,1,M,9
7900,2023,07,005,2,F,2
7900,2023,07,005,3,F,1
7900,2023,07,005,3,M,2
7900,2023,07,005,4,F,8
7900,2023,07,005,4,M,4
7900,2023,07,005,5,F,8
7900,2023,07,005,5,M,10
7900,2023,07,005,6,F,5
7900,2023,07,005,6,M,10
7900,2023,07,005,7,M,1
7900,2023,07,006,1,F,14
7900,2023,07,006,1,M,12
7900,2023,07,006,2,M,2
7900,2023,07,006,3,F,2
7900,2023,07,006,3,M,1
7900,2023,07,006,4,F,10
7900,2023,07,006,4,M,1
7900,2023,07,006,5,F,11
7900,2023,07,006,5,M,16
7900,2023,07,006,6,F,3
7900,2023,07,006,6,M,11
7900,2023,07,006,7,M,1
7900,2023,07,007,1,F,14
7900,2023,07,007,1,M,7
7900,2023,07,007,2,F,1
7900,2023,07,007,2,M,1
7900,2023,07,007,3,F,2
7900,2023,07,007,4,F,2
7900,2023,07,007,4,M,1
7900,2023,07,007,5,F,3
7900,2023,07,007,5,M,9
7900,2023,07,007,6,M,12
7900,2023,07,008,1,F,14
7900,2023,07,008,1,M,33
7900,2023,07,008,2,M,1
7900,2023,07,008,3,F,1
7900,2023,07,008,3,M,3
7900,2023,07,008,4,F,4
7900,2023,07,008,4,M,7
7900,2023,07,008,5,F,11
7900,2023,07,008,5,M,22
7900,2023,07,008,6,F,1
7900,2023,07,008,6,M,36
7900,2023,07,009,1,F,6
7900,2023,07,009,1,M,7
7900,2023,07,009,2,F,2
7900,2023,07,009,2,M,1
7900,2023,07,009,3,F,2
7900,2023,07,009,3,M,4
7900,2023,07,009,4,F,9
7900,2023,07,009,4,M,7
7900,2023,07,009,5,F,20
7900,2023,07,009,5,M,34
7900,2023,07,009,6,F,12
7900,2023,07,009,6,M,62
7900,2023,07,009,7,F,1
7900,2023,07,009,7,M,2
7900,2023,07,010,1,F,10
7900,2023,07,010,1,M,15
7900,2023,07,010,2,F,1
7900,2023,07,010,2,M,1
7900,2023,07,010,3,F,2
7900,2023,07,010,3,M,5
7900,2023,07,010,4,F,3
7900,2023,07,010,4,M,3
7900,2023,07,010,5,F,10
7900,2023,07,010,5,M,15
7900,2023,07,010,6,F,8
7900,2023,07,010,6,M,27
7900,2023,07,010,7,M,2
7900,2023,07,011,1,F,30
7900,2023,07,011,1,M,23
7900,2023,07,011,2,F,3
7900,2023,07,011,2,M,2
7900,2023,07,011,3,F,5
7900,2023,07,011,3,M,1
7900,2023,07,011,4,F,8
7900,2023,07,011,4,M,5
7900,2023,07,011,5,F,12
7900,2023,07,011,5,M,38
7900,2023,07,011,6,F,3
7900,2023,07,011,6,M,30
7900,2023,07,011,7,M,1
7900,2023,07,012,1,F,1
7900,2023,07,012,1,M,3
7900,2023,07,012,2,M,2
7900,2023,07,012,3,F,1
7900,2023,07,012,3,M,2
7900,2023,07,012,4,F,4
7900,2023,07,012,4,M,5
7900,2023,07,012,5,F,3
7900,2023,07,012,5,M,10
7900,2023,07,012,6,M,24
7900,2023,07,013,1,M,12
7900,2023,07,013,2,F,1
7900,2023,07,013,3,F,2
7900,2023,07,013,3,M,1
7900,2023,07,013,4,F,4
7900,2023,07,013,4,M,3
7900,2023,07,013,5,F,5
7900,2023,07,013,5,M,25
7900,2023,07,013,6,F,2
7900,2023,07,013,6,M,45
7900,2023,07,013,7,M,1
7900,2023,07,014,1,F,10
7900,2023,07,014,1,M,4
7900,2023,07,014,2,M,1
7900,2023,07,014,3,F,1
7900,2023,07,014,3,M,5
7900,2023,07,014,4,F,7
7900,2023,07,014,4,M,2
7900,2023,07,014,5,F,7
7900,2023,07,014,5,M,17
7900,2023,07,014,6,M,7
7900,2023,07,015,1,F,8
7900,2023,07,015,1,M,13
7900,2023,07,015,2,M,1
7900,2023,07,015,3,F,4
7900,2023,07,015,3,M,3
7900,2023,07,015,4,F,4
7900,2023,07,015,4,M,2
7900,2023,07,015,5,F,10
7900,2023,07,015,5,M,21
7900,2023,07,015,6,F,3
7900,2023,07,015,6,M,15
7900,2023,07,016,1,F,7
7900,2023,07,016,1,M,8
7900,2023,07,016,2,F,1
7900,2023,07,016,3,F,1
7900,2023,07,016,3,M,3
7900,2023,07,016,4,F,1
7900,2023,07,016,5,F,2
7900,2023,07,016,5,M,4
7900,2023,07,016,6,M,3
7900,2023,07,017,3,M,1
7900,2023,07,017,4,F,2
7900,2023,07,017,4,M,3
7900,2023,07,017,5,F,2
7900,2023,07,017,5,M,2
7900,2023,07,017,6,F,1
7900,2023,07,017,6,M,4
7900,2023,09,001,2,F,6
7900,2023,09,001,2,M,3
7900,2023,09,001,3,F,12
7900,2023,09,001,3,M,7
7900,2023,09,001,4,F,13
7900,2023,09,001,4,M,16
7900,2023,09,001,5,F,29
7900,2023,09,001,5,M,73
7900,2023,09,001,6,F,7
7900,2023,09,001,6,M,79
7900,2023,09,002,1,F,3
7900,2023,09,002,1,M,3
7900,2023,09,002,2,F,9
7900,2023,09,002,2,M,7
7900,2023,09,002,3,F,5
7900,2023,09,002,3,M,12
7900,2023,09,002,4,F,26
7900,2023,09,002,4,M,19
7900,2023,09,002,5,F,46
7900,2023,09,002,5,M,116
7900,2023,09,002,6,F,10
7900,2023,09,002,6,M,86
7900,2023,09,002,7,F,1
7900,2023,09,002,7,M,5
7900,2023,09,003,2,F,2
7900,2023,09,003,2,M,2
7900,2023,09,003,3,F,4
7900,2023,09,003,4,F,8
7900,2023,09,003,4,M,8
7900,2023,09,003,5,F,14
7900,2023,09,003,5,M,29
7900,2023,09,003,6,F,14
7900,2023,09,003,6,M,45
7900,2023,09,004,2,F,3
7900,2023,09,004,2,M,1
7900,2023,09,004,3,F,1
7900,2023,09,004,3,M,2
7900,2023,09,004,4,F,4
7900,2023,09,004,4,M,6
7900,2023,09,004,5,F,5
7900,2023,09,004,5,M,18
7900,2023,09,004,6,F,3
7900,2023,09,004,6,M,14
7900,2023,09,005,3,F,3
7900,2023,09,005,3,M,1
7900,2023,09,005,4,F,8
7900,2023,09,005,4,M,6
7900,2023,09,005,5,F,7
7900,2023,09,005,5,M,14
7900,2023,09,005,6,F,1
7900,2023,09,005,6,M,3
7900,2023,09,006,2,F,1
7900,2023,09,006,4,F,3
7900,2023,09,006,4,M,2
7900,2023,09,006,5,F,3
7900,2023,09,006,5,M,17
7900,2023,09,006,6,M,15
7900,2023,09,007,1,F,1
7900,2023,09,007,2,M,2
7900,2023,09,007,3,F,2
7900,2023,09,007,3,M,1
7900,2023,09,007,4,F,2
7900,2023,09,007,4,M,7
7900,2023,09,007,5,F,7
7900,2023,09,007,5,M,13
7900,2023,09,007,6,F,2
7900,2023,09,007,6,M,19
7900,2023,09,008,1,F,1
7900,2023,09,008,2,F,1
7900,2023,09,008,3,M,3
7900,2023,09,008,4,F,4
7900,2023,09,008,4,M,4
7900,2023,09,008,5,F,12
7900,2023,09,008,5,M,17
7900,2023,09,008,6,F,2
7900,2023,09,008,6,M,26
7900,2023,09,009,1,M,1
7900,2023,09,009,2,F,2
7900,2023,09,009,2,M,2
7900,2023,09,009,3,F,1
7900,2023,09,009,3,M,3
7900,2023,09,009,4,F,5
7900,2023,09,009,4,M,7
7900,2023,09,009,5,F,16
7900,2023,09,009,5,M,36
7900,2023,09,009,6,F,5
7900,2023,09,009,6,M,53
7900,2023,09,009,7,M,1
7900,2023,09,010,1,M,1
7900,2023,09,010,2,F,2
7900,2023,09,010,2,M,1
7900,2023,09,010,3,F,1
7900,2023,09,010,4,F,3
7900,2023,09,010,4,M,2
7900,2023,09,010,5,F,10
7900,2023,09,010,5,M,12
7900,2023,09,010,6,F,3
7900,2023,09,010,6,M,17
7900,2023,09,010,7,M,2
7900,2023,09,011,1,M,1
7900,2023,09,011,2,F,1
7900,2023,09,011,3,M,2
7900,2023,09,011,4,F,9
7900,2023,09,011,4,M,12
7900,2023,09,011,5,F,20
7900,2023,09,011,5,M,26
7900,2023,09,011,6,F,3
7900,2023,09,011,6,M,15
7900,2023,09,011,7,M,1
7900,2023,09,012,3,F,1
7900,2023,09,012,3,M,1
7900,2023,09,012,4,F,6
7900,2023,09,012,4,M,6
7900,2023,09,012,5,F,22
7900,2023,09,012,5,M,12
7900,2023,09,012,6,F,3
7900,2023,09,012,6,M,25
7900,2023,09,012,7,M,1
7900,2023,09,013,2,F,3
7900,2023,09,013,2,M,3
7900,2023,09,013,3,F,4
7900,2023,09,013,3,M,7
7900,2023,09,013,4,F,8
7900,2023,09,013,4,M,10
7900,2023,09,013,5,F,8
7900,2023,09,013,5,M,29
7900,2023,09,013,6,F,5
7900,2023,09,013,6,M,56
7900,2023,09,013,7,M,2
7900,2023,09,014,2,F,1
7900,2023,09,014,2,M,1
7900,2023,09,014,3,M,1
7900,2023,09,014,4,F,3
7900,2023,09,014,4,M,1
7900,2023,09,014,5,F,2
7900,2023,09,014,5,M,5
7900,2023,09,014,6,M,2
7900,2023,09,015,1,F,1
7900,2023,09,015,2,F,2
7900,2023,09,015,2,M,1
7900,2023,09,015,3,F,2
7900,2023,09,015,4,F,7
7900,2023,09,015,4,M,4
7900,2023,09,015,5,F,10
7900,2023,09,015,5,M,14
7900,2023,09,015,6,F,1
7900,2023,09,015,6,M,8
7900,2023,09,016,2,F,2
7900,2023,09,016,4,F,1
7900,2023,09,016,4,M,3
7900,2023,09,016,5,F,9
7900,2023,09,016,5,M,9
7900,2023,09,016,6,F,2
7900,2023,09,016,6,M,5
7900,2023,09,017,3,F,1
7900,2023,09,017,4,F,1
7900,2023,09,017,4,M,3
7900,2023,09,017,5,F,2
7900,2023,09,017,6,M,6
7900,2023,12,001,1,F,1
7900,2023,12,001,2,F,8
7900,2023,12,001,2,M,6
7900,2023,12,001,3,F,14
7900,2023,12,001,3,M,5
7900,2023,12,001,4,F,18
7900,2023,12,001,4,M,18
7900,2023,12,001,5,F,22
7900,2023,12,001,5,M,82
7900,2023,12,001,6,F,9
7900,2023,12,001,6,M,68
7900,2023,12,001,7,M,3
7900,2023,12,002,1,M,6
7900,2023,12,002,2,F,12
7900,2023,12,002,2,M,19
7900,2023,12,002,3,F,13
7900,2023,12,002,3,M,15
7900,2023,12,002,4,F,47
7900,2023,12,002,4,M,29
7900,2023,12,002,5,F,51
7900,2023,12,002,5,M,127
7900,2023,12,002,6,F,18
7900,2023,12,002,6,M,100
7900,2023,12,002,7,M,4
7900,2023,12,003,2,F,2
7900,2023,12,003,2,M,2
7900,2023,12,003,3,F,3
7900,2023,12,003,3,M,5
7900,2023,12,003,4,F,8
7900,2023,12,003,4,M,8
7900,2023,12,003,5,F,20
7900,2023,12,003,5,M,29
7900,2023,12,003,6,F,4
7900,2023,12,003,6,M,29
7900,2023,12,003,7,M,6
7900,2023,12,004,1,F,2
7900,2023,12,004,2,F,5
7900,2023,12,004,2,M,3
7900,2023,12,004,3,F,2
7900,2023,12,004,3,M,7
7900,2023,12,004,4,F,9
7900,2023,12,004,4,M,11
7900,2023,12,004,5,F,7
7900,2023,12,004,5,M,40
7900,2023,12,004,6,F,9
7900,2023,12,004,6,M,19
7900,2023,12,005,2,F,1
7900,2023,12,005,2,M,1
7900,2023,12,005,3,F,1
7900,2023,12,005,4,F,7
7900,2023,12,005,4,M,2
7900,2023,12,005,5,F,17
7900,2023,12,005,5,M,21
7900,2023,12,005,6,F,2
7900,2023,12,005,6,M,28
7900,2023,12,006,1,M,1
7900,2023,12,006,2,F,2
7900,2023,12,006,2,M,2
7900,2023,12,006,3,F,1
7900,2023,12,006,3,M,1
7900,2023,12,006,4,F,7
7900,2023,12,006,4,M,5
7900,2023,12,006,5,F,3
7900,2023,12,006,5,M,15
7900,2023,12,006,6,F,5
7900,2023,12,006,6,M,20
7900,2023,12,007,1,M,1
7900,2023,12,007,2,F,1
7900,2023,12,007,2,M,1
7900,2023,12,007,3,F,2
7900,2023,12,007,3,M,4
7900,2023,12,007,4,F,5
7900,2023,12,007,4,M,2
7900,2023,12,007,5,F,7
7900,2023,12,007,5,M,18
7900,2023,12,007,6,F,2
7900,2023,12,007,6,M,18
7900,2023,12,007,7,M,1
7900,2023,12,008,1,F,1
7900,2023,12,008,1,M,6
7900,2023,12,008,2,F,2
7900,2023,12,008,2,M,2
7900,2023,12,008,3,F,2
7900,2023,12,008,3,M,4
7900,2023,12,008,4,F,7
7900,2023,12,008,4,M,6
7900,2023,12,008,5,F,11
7900,2023,12,008,5,M,41
7900,2023,12,008,6,M,19
7900,2023,12,008,7,M,2
7900,2023,12,009,1,M,4
7900,2023,12,009,2,F,1
7900,2023,12,009,2,M,4
7900,2023,12,009,3,F,4
7900,2023,12,009,4,F,1
7900,2023,12,009,4,M,11
7900,2023,12,009,5,F,17
7900,2023,12,009,5,M,39
7900,2023,12,009,6,F,5
7900,2023,12,009,6,M,59
7900,2023,12,009,7,M,2
7900,2023,12,010,1,M,1
7900,2023,12,010,2,F,2
7900,2023,12,010,2,M,2
7900,2023,12,010,3,F,3
7900,2023,12,010,3,M,2
7900,2023,12,010,4,F,10
7900,2023,12,010,4,M,4
7900,2023,12,010,5,F,14
7900,2023,12,010,5,M,24
7900,2023,12,010,6,F,5
7900,2023,12,010,6,M,39
7900,2023,12,010,7,M,3
7900,2023,12,011,1,F,1
7900,2023,12,011,1,M,1
7900,2023,12,011,2,F,3
7900,2023,12,011,2,M,3
7900,2023,12,011,3,F,1
7900,2023,12,011,3,M,5
7900,2023,12,011,4,F,8
7900,2023,12,011,4,M,12
7900,2023,12,011,5,F,19
7900,2023,12,011,5,M,56
7900,2023,12,011,6,F,5
7900,2023,12,011,6,M,43
7900,2023,12,011,7,F,1
7900,2023,12,012,2,F,2
7900,2023,12,012,2,M,2
7900,2023,12,012,3,F,1
7900,2023,12,012,3,M,2
7900,2023,12,012,4,F,5
7900,2023,12,012,4,M,7
7900,2023,12,012,5,F,10
7900,2023,12,012,5,M,13
7900,2023,12,012,6,F,3
7900,2023,12,012,6,M,18
7900,2023,12,013,1,M,1
7900,2023,12,013,2,F,4
7900,2023,12,013,2,M,5
7900,2023,12,013,3,F,7
7900,2023,12,013,3,M,4
7900,2023,12,013,4,F,14
7900,2023,12,013,4,M,14
7900,2023,12,013,5,F,14
7900,2023,12,013,5,M,36
7900,2023,12,013,6,F,2
7900,2023,12,013,6,M,60
7900,2023,12,013,7,M,2
7900,2023,12,014,1,F,1
7900,2023,12,014,3,F,1
7900,2023,12,014,3,M,3
7900,2023,12,014,4,F,4
7900,2023,12,014,4,M,1
7900,2023,12,014,5,F,6
7900,2023,12,014,5,M,7
7900,2023,12,014,6,F,2
7900,2023,12,014,6,M,6
7900,2023,12,015,1,F,1
7900,2023,12,015,2,F,1
7900,2023,12,015,3,F,2
7900,2023,12,015,4,F,4
7900,2023,12,015,4,M,1
7900,2023,12,015,5,F,18
7900,2023,12,015,5,M,18
7900,2023,12,015,6,F,4
7900,2023,12,015,6,M,13
7900,2023,12,015,7,M,1
7900,2023,12,016,3,F,1
7900,2023,12,016,3,M,5
7900,2023,12,016,5,F,4
7900,2023,12,016,5,M,6
7900,2023,12,016,6,M,6
7900,2023,12,017,3,F,3
7900,2023,12,017,3,M,1
7900,2023,12,017,4,F,3
7900,2023,12,017,4,M,5
7900,2023,12,017,5,F,5
7900,2023,12,017,5,M,5
7900,2023,12,017,6,M,5
7900,2023,12,999,6,M,2
7900,2024,04,001,2,F,4
7900,2024,04,001,2,M,4
7900,2024,04,001,3,F,10
7900,2024,04,001,3,M,7
7900,2024,04,001,4,F,17
7900,2024,04,001,4,M,12
7900,2024,04,001,5,F,31
7900,2024,04,001,5,M,50
7900,2024,04,001,6,F,9
7900,2024,04,001,6,M,54
7900,2024,04,001,7,M,3
7900,2024,04,002,1,F,1
7900,2024,04,002,2,F,5
7900,2024,04,002,2,M,14
7900,2024,04,002,3,F,15
7900,2024,04,002,3,M,13
7900,2024,04,002,4,F,30
7900,2024,04,002,4,M,19
7900,2024,04,002,5,F,51
7900,2024,04,002,5,M,83
7900,2024,04,002,6,F,23
7900,2024,04,002,6,M,117
7900,2024,04,002,7,F,3
7900,2024,04,002,7,M,7
7900,2024,04,003,1,M,1
7900,2024,04,003,2,M,2
7900,2024,04,003,3,F,4
7900,2024,04,003,3,M,6
7900,2024,04,003,4,F,7
7900,2024,04,003,4,M,5
7900,2024,04,003,5,F,14
7900,2024,04,003,5,M,20
7900,2024,04,003,6,F,6
7900,2024,04,003,6,M,41
7900,2024,04,003,7,M,3
7900,2024,04,004,2,M,3
7900,2024,04,004,3,F,2
7900,2024,04,004,3,M,1
7900,2024,04,004,4,F,3
7900,2024,04,004,4,M,6
7900,2024,04,004,5,F,9
7900,2024,04,004,5,M,30
7900,2024,04,004,6,F,3
7900,2024,04,004,6,M,19
7900,2024,04,004,7,M,1
7900,2024,04,005,2,F,1
7900,2024,04,005,3,M,2
7900,2024,04,005,4,F,4
7900,2024,04,005,4,M,6
7900,2024,04,005,5,F,12
7900,2024,04,005,5,M,15
7900,2024,04,005,6,F,4
7900,2024,04,005,6,M,13
7900,2024,04,005,7,F,1
7900,2024,04,006,2,F,3
7900,2024,04,006,2,M,2
7900,2024,04,006,3,F,6
7900,2024,04,006,3,M,6
7900,2024,04,006,4,F,2
7900,2024,04,006,4,M,3
7900,2024,04,006,5,F,2
7900,2024,04,006,5,M,8
7900,2024,04,006,6,M,14
7900,2024,04,007,2,M,1
7900,2024,04,007,3,F,1
7900,2024,04,007,3,M,3
7900,2024,04,007,4,F,3
7900,2024,04,007,4,M,3
7900,2024,04,007,5,F,6
7900,2024,04,007,5,M,17
7900,2024,04,007,6,F,2
7900,2024,04,007,6,M,24
7900,2024,04,007,7,M,2
7900,2024,04,008,1,F,1
7900,2024,04,008,2,F,3
7900,2024,04,008,2,M,1
7900,2024,04,008,3,F,2
7900,2024,04,008,3,M,2
7900,2024,04,008,4,F,2
7900,2024,04,008,4,M,4
7900,2024,04,008,5,F,15
7900,2024,04,008,5,M,15
7900,2024,04,008,6,M,23
7900,2024,04,009,2,F,2
7900,2024,04,009,2,M,1
7900,2024,04,009,3,F,3
7900,2024,04,009,3,M,6
7900,2024,04,009,4,F,5
7900,2024,04,009,4,M,7
7900,2024,04,009,5,F,14
7900,2024,04,009,5,M,24
7900,2024,04,009,6,F,2
7900,2024,04,009,6,M,36
7900,2024,04,010,1,F,1
7900,2024,04,010,1,M,1
7900,2024,04,010,4,F,2
7900,2024,04,010,4,M,6
7900,2024,04,010,5,F,10
7900,2024,04,010,5,M,19
7900,2024,04,010,6,F,5
7900,2024,04,010,6,M,19
7900,2024,04,010,7,M,1
7900,2024,04,011,2,F,2
7900,2024,04,011,2,M,3
7900,2024,04,011,3,F,3
7900,2024,04,011,3,M,5
7900,2024,04,011,4,F,9
7900,2024,04,011,4,M,6
7900,2024,04,011,5,F,4
7900,2024,04,011,5,M,20
7900,2024,04,011,6,F,5
7900,2024,04,011,6,M,21
7900,2024,04,011,7,M,2
7900,2024,04,012,3,F,1
7900,2024,04,012,4,F,1
7900,2024,04,012,4,M,1
7900,2024,04,012,5,F,5
7900,2024,04,012,5,M,5
7900,2024,04,012,6,F,3
7900,2024,04,012,6,M,17
7900,2024,04,012,7,M,1
7900,2024,04,013,1,F,1
7900,2024,04,013,1,M,1
7900,2024,04,013,2,F,1
7900,2024,04,013,2,M,1
7900,2024,04,013,3,F,5
7900,2024,04,013,4,F,7
7900,2024,04,013,4,M,9
7900,2024,04,013,5,F,11
7900,2024,04,013,5,M,25
7900,2024,04,013,6,F,1
7900,2024,04,013,6,M,49
7900,2024,04,013,7,M,2
7900,2024,04,014,2,F,1
7900,2024,04,014,2,M,1
7900,2024,04,014,4,F,4
7900,2024,04,014,4,M,3
7900,2024,04,014,5,F,5
7900,2024,04,014,5,M,9
7900,2024,04,014,6,F,2
7900,2024,04,014,6,M,7
7900,2024,04,015,1,M,1
7900,2024,04,015,2,F,1
7900,2024,04,015,3,F,4
7900,2024,04,015,3,M,2
7900,2024,04,015,4,F,5
7900,2024,04,015,4,M,3
7900,2024,04,015,5,F,6
7900,2024,04,015,5,M,10
7900,2024,04,015,6,F,2
7900,2024,04,015,6,M,12
7900,2024,04,015,7,M,1
7900,2024,04,016,2,F,1
7900,2024,04,016,3,F,4
7900,2024,04,016,4,F,2
7900,2024,04,016,4,M,3
7900,2024,04,016,5,F,4
7900,2024,04,016,5,M,6
7900,2024,04,016,6,M,1
7900,2024,04,017,2,F,1
7900,2024,04,017,3,M,1
7900,2024,04,017,4,M,2
7900,2024,04,017,5,F,2
7900,2024,04,017,5,M,4
7900,2024,04,017,6,M,8
